hospital,demand,seed,variant,public_p90_s,bed_p90_s,public_mean_s,bed_mean_s,public_count,bed_count,trips,utilization_pct,clearance_min
dushu,0.6,13,a,43.351248036283685,46.91902593699603,22.068052995781006,29.660890107491884,672,48,645,80.37391164986686,0.6739242817207014
dushu,0.6,13,b,51.025704994982235,145.36156544577383,25.390664245387693,64.57622883228122,672,48,613,76.37391164986686,1.1310534308187623
dushu,0.6,29,a,42.02782004772689,71.40243829441931,21.944114727617453,37.05769890713305,636,44,627,77.05632642333947,1.59377593260618
dushu,0.6,29,b,50.3682611397287,320.93946832264373,26.487940803622767,107.51920011733168,636,44,600,73.30181869889802,3.4617300900937154
dushu,0.6,47,a,38,51.58816219152705,19.554975073943734,29.660683100267416,659,35,631,76.31473836490814,0.3838837726614353
dushu,0.6,47,b,47.62537837203973,134.13790268269807,25.10748998057693,55.32095470719369,659,35,595,72.68116752218616,0.7625976616019519
dushu,0.6,71,a,43.564121209408405,60.449988931767294,22.37247604699566,35.26829147399718,665,38,644,78.66533009433097,0.6524268348503028
dushu,0.6,71,b,49.18386395428149,182.15058952397865,25.95750711493223,72.85619806479227,665,38,606,74.07077953157982,0.6524268348503028
dushu,0.6,101,a,44.31347407334175,61.79066410260476,22.074366580464176,38.56176554232631,678,49,653,81.6198829773093,0.7074608043782973
dushu,0.6,101,b,53.351218330418405,144.46912523238245,26.94678672740666,62.931500895383934,678,49,621,77.09244418780791,0.9788200055737737
dushu,0.6,137,a,43.800699068201624,75.37094901845956,22.08076451524742,39.13977397322623,637,32,600,72.76852611342008,0.5934735181837822
dushu,0.6,137,b,48.363613597909165,145.9106875674141,24.582809531202386,65.87223120243362,637,32,573,69.6481557430497,0.5268068515171156
dushu,0.6,179,a,42.92386100994463,53.789572346694925,21.43669147243511,32.30064539668416,641,46,620,76.9352545165447,1.0931255892975968
dushu,0.6,179,b,49.85111469380081,106.13430839404873,25.590968280138362,45.74652362837117,641,46,595,73.31367573887876,1.5097922559642636
dushu,0.6,223,a,40.0169105147379,58.73271803247563,20.30166290441219,33.50150903233768,636,35,614,75.33643362973517,0.5586905137057026
dushu,0.6,223,b,45.41423084689268,160.50032535359,23.885381312221092,73.79077252592914,636,35,580,70.85785706251035,0.8205331552627588
dushu,0.6,269,a,50.91933898300241,71.19987017791327,24.51105272232134,43.57712331283543,627,43,611,76.03445555478905,0.43864377114453723
dushu,0.6,269,b,47.401662863214035,173.10629615590676,24.751110457328014,91.30278125993487,627,43,591,73.68301495157343,0.5361998947031983
dushu,0.6,317,a,43.35898536654112,57.49139301897823,21.81323737271399,36.2981043211483,632,50,609,76.66356324341558,1.7787113253470428
dushu,0.6,317,b,45.45351803638687,176.6845295787448,24.346235891060246,73.71051149926777,632,50,591,73.29481431180325,5.598153338505836
dushu,0.6,373,a,45.1455917093117,56.92953272709474,21.558832437719566,34.94540738357069,609,37,596,72.89645634860433,1.6350342212382505
dushu,0.6,373,b,51.75292712457158,130.0313198803111,25.57570747509623,64.15074082009087,609,37,572,69.55386375601174,1.9683675545715837
dushu,0.6,431,a,42.78928766314266,61.85693855598902,21.824351092278118,40.520171134726056,640,44,627,77.8672182265891,0.9858256283567244
dushu,0.6,431,b,51.47528239051704,241.69996351636658,27.532984516729947,104.76146365911414,640,44,608,75.27675709190437,1.1044448147561525
dushu,1,13,a,83.05848125162937,106.62092704375482,40.86860136105859,72.62897010220877,1099,75,753,97.12089457446893,1.89018442162566
dushu,1,13,b,75.19366485323192,435.07149404948296,42.77813029299459,196.24508538590064,1099,75,734,93.90523241714965,3.1972241539923743
dushu,1,29,a,81.83497900633883,130.81328270198102,41.06580896534103,80.14052611645543,1062,55,768,96.6702903790264,0.9881361629902737
dushu,1,29,b,74.50676870233363,442.55505778433894,42.198309485191196,174.33728332261046,1062,55,716,88.56510208199597,1.5519426392877298
dushu,1,47,a,77.165699345277,105.48493208414902,40.77187429078011,67.27207496325533,1080,73,753,97.77678809203448,1.1871230095153502
dushu,1,47,b,78.72584117957727,290.4745018937356,43.03306508099166,139.1763090206483,1080,73,728,93.45429141260941,1.553789676182017
dushu,1,71,a,90.64508330026985,104.75923969165727,46.76673251467258,70.72670725474777,1099,80,753,98.60566769237575,1.18913148651712
dushu,1,71,b,76.77411834060649,506.08485396746806,42.52362400593647,236.22057530602996,1099,80,743,95.9596012226121,0.7535696409820655
dushu,1,101,a,79.40719714494124,116.33113156528748,41.47346812156294,73.25627211691143,1108,66,760,97.96984139047673,0.6590979764337741
dushu,1,101,b,72.80771955488265,366.2613942577641,40.26357388101946,159.54815572107424,1108,66,727,91.56260783454935,3.5770124415479283
dushu,1,137,a,81.40281921515525,103.69111017902415,42.704165887583756,67.24419169646468,1075,77,752,97.94314805336025,0.9493384500010204
dushu,1,137,b,72.37522030547207,370.5061060909659,40.82175138456111,169.72790684261338,1075,77,732,94.66658944228294,1.3057039295045192
dushu,1,179,a,81.8597684004244,121.37627531078124,44.09984731025053,76.64333929517898,1066,71,745,96.46511320279137,1.369868785091118
dushu,1,179,b,76.17586918653569,580.211257721865,42.479182146407474,205.6358553496933,1066,71,727,91.34041959627321,5.464108386874219
dushu,1,223,a,81.18258174152184,104.91415049845045,43.27169937257814,68.11929109164198,1054,70,759,96.92712194673545,3.0815986741506096
dushu,1,223,b,75.68537640224359,199.47416719553354,40.77634741591213,96.63300597914397,1054,70,723,91.46345398245235,4.402189713971529
dushu,1,269,a,87.12441374029449,120.23655950302977,43.167155464921755,69.82428918968354,1042,82,743,96.69813844302803,2.0159851882695268
dushu,1,269,b,73.5787066879825,563.9317858397136,41.348305634333485,280.36688439906345,1042,82,737,94.23158874565584,6.9911308949925415
dushu,1,317,a,87.11695658555874,112.54164523846771,42.82047384347073,70.89091796352372,1054,76,748,96.76360779608835,2.7614811273181052
dushu,1,317,b,76.8310870370448,717.2232407826177,42.094485175158454,325.73896878279083,1054,76,734,91.41612703574147,13.367781136220067
dushu,1,373,a,81.1735050229172,104.77131940349719,40.351652889487994,64.83899942112116,1021,74,751,96.51740844320318,2.098775690302955
dushu,1,373,b,75.83995661167864,275.1291319010135,41.75416117483083,154.4563217876793,1021,74,731,92.80557448395405,3.365581425647967
dushu,1,431,a,78.5051176156334,100.58393533045091,42.048561336659176,65.37477122130402,1050,71,765,97.91944821699907,1.8823552040841605
dushu,1,431,b,75.61974119015669,389.884167014412,41.522617895028226,171.3040217907847,1050,71,726,91.80217725017431,1.619071613430818
dushu,1.4,13,a,108.35891189524918,143.4529291220711,55.644924687158436,92.88986879656363,1538,93,759,99.92235232918678,2.7596925327570716
dushu,1.4,13,b,91.10201885067345,677.5760801170479,51.209238089170846,343.05121627737583,1538,93,768,97.81625830060344,14.086006932826361
dushu,1.4,29,a,105.3725643705061,154.72719647773138,56.90555223062439,99.701858669379,1501,99,742,99.93895228337276,1.9448211129529227
dushu,1.4,29,b,97.8652101773132,808.9145741428615,55.28990114833289,464.8099758360083,1501,99,773,98.66712243446489,19.75941027262388
dushu,1.4,47,a,134.72110338809216,190.21937645339264,68.37427807327727,123.1248554507678,1511,125,704,99.82402527598887,3.6602432732305714
dushu,1.4,47,b,83.63583467957505,3186.1620238370006,46.140342252643414,1751.8763473708118,1511,125,798,99.57492964406818,62.336409835769885
dushu,1.4,71,a,115.90590037503755,166.19433087537547,60.25550112928509,109.87592253898933,1519,92,750,99.82167199477901,1.6712358222279968
dushu,1.4,71,b,93.6849482839959,1434.0862128123874,53.18673423839003,605.803279133925,1519,92,760,97.8485654896992,7.873813694478516
dushu,1.4,101,a,97.08233405562149,148.20594613919897,53.45319416590006,99.27928128670398,1533,85,763,99.92110601792413,1.2840208361155723
dushu,1.4,101,b,90.82387272045534,628.4465328075808,52.61696787210785,318.1434700611836,1533,85,755,97.03015354600029,1.9712672085751668
dushu,1.4,137,a,96.45577684631277,135.5353089560475,52.72232097028401,94.07523823519328,1502,78,769,99.84779751990582,1.7412716098417755
dushu,1.4,137,b,88.4283065981309,440.8970384341266,49.891406335606376,206.88591264720336,1502,78,746,95.90177799333473,1.3268817748677368
dushu,1.4,179,a,104.4865818484936,149.7777955288293,57.018727235236824,100.64489872218905,1500,101,740,99.81672590769075,2.108445716431743
dushu,1.4,179,b,83.52408810615938,1299.2673845114787,47.79182978209816,675.8527234113097,1500,101,770,99.19130210764474,20.079195397361552
dushu,1.4,223,a,107.07440536757377,147.0719884939408,57.08382231138333,103.07130413628727,1495,91,759,99.58377275403046,2.3859114822706338
dushu,1.4,223,b,85.2185038613663,735.2660511115446,48.43699776660785,363.0975333997045,1495,91,763,96.60905190831481,16.608578968521456
dushu,1.4,269,a,107.95197905891085,169.7879874254416,54.76825488301174,105.54013409705384,1442,85,763,99.87854715118401,2.2125001221581746
dushu,1.4,269,b,91.94975681172878,1595.7640367636118,52.30669233242075,747.1423327218819,1442,85,756,97.55615093545504,1.6450745724066413
dushu,1.4,317,a,112.08875876317488,152.48294779840083,59.30467546637315,104.25317732183561,1472,107,727,99.53360324177483,2.1755563558525863
dushu,1.4,317,b,89.25988968379546,1526.2527094969064,51.13479239097396,939.3563937025687,1472,107,776,99.36965848713083,31.078633042470514
dushu,1.4,373,a,124.32374412409699,174.93947379476413,63.4184739887199,110.4171142427212,1437,106,723,99.59855010461787,2.5337321207299586
dushu,1.4,373,b,90.51980329777447,2222.26749661585,50.377492948604775,985.4382809228597,1437,106,777,98.23251100113399,40.70246139151847
dushu,1.4,431,a,128.3878560229212,159.12978113383988,69.0518774668191,117.54318081157264,1512,123,692,99.748361454957,1.4826739269180205
dushu,1.4,431,b,91.90560995286334,2932.456855773799,50.84452132314523,1444.226721913261,1512,123,792,99.62342025084973,57.96322680674154
nanjing,0.6,13,a,50.982880836927684,60.372058185530584,24.540329076496505,35.28104795595592,672,48,640,82.40909683505203,0.6693867641520834
nanjing,0.6,13,b,51.14799490917627,150.86156544577392,26.511139949364424,68.18039549894802,672,48,611,78.16426825433201,1.1743867641520713
nanjing,0.6,29,a,46.447654264583434,73.74262730445392,23.7323943219334,45.19759809099719,636,44,617,78.20497060891644,1.9221092659394647
nanjing,0.6,29,b,52.78603260409426,337.8594683226459,26.88294348774647,112.51692739005938,636,44,593,73.91178316354522,3.5533967567603213
nanjing,0.6,47,a,40.970928025567275,61.07224890170347,20.92288829034188,33.040936738921,659,35,627,78.387748445624,0.528211191507459
nanjing,0.6,47,b,49.51676906593076,137.53790268269842,25.74709631036136,57.2323832786222,659,35,591,73.65501011477876,0.8014516538169422
nanjing,0.6,71,a,46.39662334286014,69.1811288201745,24.16282345007846,38.507985124210215,665,38,633,79.19441022374023,0.7990935015169573
nanjing,0.6,71,b,54.53730382754666,184.67058952397917,28.579117185744604,74.87198753847619,665,38,600,74.91684434639461,0.8695725960986844
nanjing,0.6,101,a,51.27769511388378,74.52144990616098,25.20280515483708,44.71822814053145,678,49,649,83.7269913098685,0.5581210378308848
nanjing,0.6,101,b,52.85083334668685,146.52912523238012,27.189435490888734,64.93354171171025,678,49,620,78.55911085447455,0.8888200055737495
nanjing,0.6,137,a,45.92148870943205,92.14094901845951,23.735876713766054,45.86773418027655,637,32,597,74.42496397244103,0.553473518183758
nanjing,0.6,137,b,47.87322497206716,152.21068756741465,24.13654710677924,69.54705045411777,637,32,565,69.85991767614475,0.553473518183758
nanjing,0.6,179,a,46.391607489907074,61.97783084941149,23.225043569875474,39.191279764678406,641,46,612,78.8162730350632,1.2264589226309301
nanjing,0.6,179,b,51.15892088235614,105.73430839404864,26.630742636858336,47.10521928054492,641,46,592,74.71529610924912,1.541458922630894
nanjing,0.6,223,a,44.22913532029338,68.67446089693277,22.119115178811086,37.22198012886327,636,35,609,77.23756074148206,0.4572419757949016
nanjing,0.6,223,b,53.208347649869665,164.3606842698353,27.39293132372682,75.6564868116436,636,35,576,71.64535706251036,0.6471998219294013
nanjing,0.6,269,a,57.621344828846865,76.59987017791326,26.932100298183517,51.12865205366719,627,43,604,77.77740690572892,0.537416939899443
nanjing,0.6,269,b,54.61109676888299,178.00629615590498,27.94953231324484,94.08417660877193,627,43,588,74.95085424447997,0.5474169398994188
nanjing,0.6,317,a,48.03949268207379,67.01966367330174,23.469165394519322,42.78772627198925,632,50,608,78.47088843461034,2.004961068146925
nanjing,0.6,317,b,43.4524309093857,179.23153615162016,23.49191807408485,76.2037359121969,632,50,581,73.57571955652512,5.723153338505714
nanjing,0.6,373,a,44.53231055887919,67.1330250512542,22.438836398879182,40.947123009495975,609,37,585,74.22840079304875,1.506700887904905
nanjing,0.6,373,b,51.58970953061289,132.2313198803107,25.094984584181834,65.98047054982042,609,37,562,70.06428042267838,2.011700887904893
nanjing,0.6,431,a,49.93617127135349,81.94971602409818,23.75564147726906,46.62980365921951,640,44,617,78.56181101214852,1.0658256283567122
nanjing,0.6,431,b,49.07931681243208,246.1999635163653,26.15211291258346,108.58191820456926,640,44,601,75.71771786116524,1.0631186840698925
nanjing,1,13,a,84.4342117751202,118.62144773012507,42.58316176181949,79.26045268882554,1099,75,728,97.64582182296894,2.1448356402052924
nanjing,1,13,b,82.47406148755044,446.11149404948463,45.36794633520484,202.62375205256762,1099,75,724,94.33601560418543,3.245557487325671
nanjing,1,29,a,85.58846432859546,152.94697558258082,43.07851851222775,91.66191940222122,1062,55,741,96.89121002179223,0.9641279314406347
nanjing,1,29,b,73.6861225119721,457.4350577843388,40.91337224599486,180.48819241351984,1062,55,701,88.88113196808727,1.5317772322549292
nanjing,1,47,a,83.88438157242163,117.81364782356067,44.594639621107206,76.18361095248304,1080,73,725,98.08141772166404,1.5880239081395302
nanjing,1,47,b,78.1795248618433,320.7986700342018,42.35917902178715,150.8406925822933,1080,73,714,93.99802626464493,1.5635418213681986
nanjing,1,71,a,97.53797653725888,137.2706962270231,49.84096190085553,81.1075890809858,1099,80,725,99.08964640246894,1.030990571392643
nanjing,1,71,b,87.68527244513317,528.8948539674734,47.73642851101991,250.33198530318933,1099,80,729,96.18712851368767,0.7035696409820654
nanjing,1,101,a,84.91289972909266,130.8603619992632,44.668879931576384,80.95607133564921,1108,66,740,97.8243396283256,1.579713708182832
nanjing,1,101,b,78.39395723347359,373.43241018260755,45.49210046825308,165.75724663016558,1108,66,718,92.15076187356549,3.7103457748811404
nanjing,1,137,a,86.91991637481824,122.54694496529993,44.15668679904272,76.64036146690259,1075,77,726,98.79201025637997,1.1401779214632672
nanjing,1,137,b,71.89384662996291,389.3461060909662,40.09361605659863,180.58692563968464,1075,77,721,95.01856462154625,1.3230032760314618
nanjing,1,179,a,91.91923871656127,146.0613212457729,46.187443331171316,79.38485628431802,1066,71,717,96.70585394353208,1.5582021184244392
nanjing,1,179,b,77.66095889504095,593.7609123643451,44.70604020101466,216.36773089262985,1066,71,718,92.21028420624721,6.0307750535405225
nanjing,1,223,a,81.19205425609894,110.47087769398405,42.98278859375883,74.21668780971899,1054,70,734,97.19187278196215,2.6596780121574133
nanjing,1,223,b,81.17675634143234,202.47416719553445,44.21896722086403,100.04586312200071,1054,70,708,91.41384024424522,4.482189713971456
nanjing,1,269,a,98.22571275024815,136.28866443303232,50.77362765745242,82.45144683891553,1042,82,719,97.78525819575059,1.9711464863727695
nanjing,1,269,b,81.17187809981878,584.099238387311,43.792696969416816,293.2400551307681,1042,82,720,94.48644985676697,7.464464228325414
nanjing,1,317,a,92.67315049905278,134.39099589950274,47.25839716999437,82.4516287811036,1054,76,728,96.94628474548064,2.6916983565230113
nanjing,1,317,b,83.81870556236724,742.9416806201743,46.283717816736754,335.62651497145526,1054,76,722,92.02740505734738,13.964447802886237
nanjing,1,373,a,80.78751101063608,109.15726914354563,41.88119059788014,72.30275803058083,1021,74,724,97.09608551975255,2.1299655191706734
nanjing,1,373,b,74.63827262154922,281.08913190101396,40.22945056595925,159.92929476065174,1021,74,717,92.73381927219815,3.3805814256479305
nanjing,1,431,a,83.39532117861945,123.87007708812507,45.708350895860626,76.15674809743132,1050,71,740,98.32197602121003,2.319044155097466
nanjing,1,431,b,86.61233059260204,414.7841670144162,48.5541321756953,180.3650891365971,1050,71,716,92.38761724764665,1.6960627576527258
nanjing,1.4,13,a,105.83054377036267,138.25103779141753,57.52065153516373,102.67659964977318,1538,93,723,99.93829360451686,3.0744588634612833
nanjing,1.4,13,b,91.08671820088566,778.6326075912052,50.84360739710833,390.6641195031848,1538,93,745,97.76849600744593,16.047673599492708
nanjing,1.4,29,a,120.36706463048176,174.43216591340607,62.978012966203984,118.67326879919158,1501,99,712,99.91131770077044,2.1412029851307426
nanjing,1.4,29,b,94.72807916152851,884.8479627802561,52.62577033169023,508.0424256754605,1501,99,761,98.7384884132917,21.33048418812062
nanjing,1.4,47,a,145.7044834224971,206.88903553355186,74.5514879286514,139.92949299206958,1511,125,674,99.7748764886533,4.2220463916335875
nanjing,1.4,47,b,90.72868700804884,3314.662023836972,50.827952994606264,1823.636347370808,1511,125,780,99.49858194617899,64.7547431691025
nanjing,1.4,71,a,121.42656605065105,186.06594442832025,64.10389159284155,119.86371822195164,1519,92,726,99.71021081449824,2.3607611139322824
nanjing,1.4,71,b,96.69618821912772,1501.256212812399,54.73935653754821,651.5967573947978,1519,92,747,97.93679866003848,9.550480361144915
nanjing,1.4,101,a,105.08081865233942,154.91526827258772,57.1204529181066,106.0148301238249,1533,85,732,99.88497384121399,1.279955607126006
nanjing,1.4,101,b,89.12288727718487,673.0829516374745,50.36784087770468,337.22920574677386,1533,85,748,97.10462292713143,3.0994330691222785
nanjing,1.4,137,a,101.39864252987726,140.19435143687986,53.105412360433306,99.0962673525629,1502,78,744,99.72437822236431,1.7722063115553284
nanjing,1.4,137,b,89.5125511856521,467.55932202448565,51.38418675873264,218.1267812418162,1502,78,737,96.1373535683467,2.390313120539455
nanjing,1.4,179,a,123.70251272742063,177.04183570900022,65.39219267908759,115.23986255183229,1500,101,709,99.85066758098236,2.396711481036406
nanjing,1.4,179,b,90.82680805607598,1388.2673845114623,51.529844240771105,716.7527234113087,1500,101,760,99.33632431625917,21.82419539736111
nanjing,1.4,223,a,112.59827860011652,152.39885293541374,58.12065995604175,105.8784717643698,1495,91,728,99.57455165932181,2.212178854719423
nanjing,1.4,223,b,92.27820383860038,795.8660511115286,51.41826416499838,386.6961853754324,1495,91,749,96.8163646750471,17.83357896852103
nanjing,1.4,269,a,134.1101672859859,194.9166188568291,63.10542120464775,124.43253745244078,1442,85,734,99.76636048265729,2.5671026411003672
nanjing,1.4,269,b,91.0041303009801,1664.8240367636188,50.83821910810445,795.7492726807757,1442,85,737,97.71005538375485,1.5603031320353693
nanjing,1.4,317,a,125.12821548670884,174.68708265768183,65.27503097934004,121.33083482203236,1472,107,698,99.66895907423651,2.6006627360112664
nanjing,1.4,317,b,95.56514579532505,1660.621862265131,52.92226339459467,1034.5190105249985,1472,107,764,99.25577316592852,34.05363304247
nanjing,1.4,373,a,125.28810332858704,176.51748035798119,64.49952042643419,118.66615156948441,1437,106,702,99.60054530914633,2.8920340561225504
nanjing,1.4,373,b,88.78843535065354,2312.416321255945,51.71638142743578,1027.442011445214,1437,106,760,98.55789035258864,42.43660846885311
nanjing,1.4,431,a,136.39929695180493,175.72423072598212,73.43125625215977,132.84850757273483,1512,123,657,99.748361454957,1.4526739269179112
nanjing,1.4,431,b,94.56219364025988,3091.5679519864793,54.282912027997625,1530.9668157793164,1512,123,780,99.65740797086117,60.89441174361934
hongkong,0.6,13,a,70.63821586906433,82.03956281232779,34.06001652515771,42.76935408811957,672,48,637,86.82216537488077,0.9405909483873681
hongkong,0.6,13,b,87.27523510664396,105.4683995194435,45.15879094528032,46.40476571562791,672,48,598,81.59571052419825,0.9405909483873681
hongkong,0.6,29,a,64.73890162906582,83.10394244082217,31.437698469331885,47.043049944964245,636,44,623,84.18857159114165,1.7104425992728465
hongkong,0.6,29,b,81.40585226014264,230.02827883775097,41.64688174117116,80.6037238679824,636,44,572,77.00182338255709,2.7950634234270484
hongkong,0.6,47,a,57.70414740251309,76.75770115106434,29.901110922159756,40.31824389037291,659,35,629,84.77407006263385,0.6292643282686186
hongkong,0.6,47,b,86.34133042737395,102.02400416307083,45.42041139650537,41.56900852862974,659,35,571,76.44968604070466,1.2748778581741136
hongkong,0.6,71,a,67.2710962910238,75.08130275350955,33.778396932551,41.592743527300044,665,38,628,85.12581054655139,1.280560517733799
hongkong,0.6,71,b,95.89857923453573,100.03088080866092,51.52737445561235,41.89154397801763,665,38,585,78.38725179896939,0.8495725960986723
hongkong,0.6,101,a,66.80089703333148,73.41408585425962,34.29346481273545,44.81646785941865,678,49,647,88.9468987172759,0.5314543711642424
hongkong,0.6,101,b,87.9381284685053,118.07169020721885,46.11466404658796,44.89573217280057,678,49,598,81.39799974336347,0.912153338907107
hongkong,0.6,137,a,61.11667332400248,89.29032489132375,32.01293392986185,45.254481438095404,637,32,601,81.20783434281141,0.7268068515171157
hongkong,0.6,137,b,81.65956131314887,119.00060227485338,43.61033974703589,51.326552527749314,637,32,557,75.15227878725585,0.5268068515171156
hongkong,0.6,179,a,67.4044070272389,76.28713190951589,34.16881998977856,41.15800228476773,641,46,620,85.35787837418209,1.4129088626944697
hongkong,0.6,179,b,89.17189178298895,77.73181948931779,45.83442738334855,36.19467180745003,641,46,572,78.21479008365864,1.9030900827974013
hongkong,0.6,223,a,62.25569433246437,72.72743878455186,30.782434034267173,42.83789007271724,636,35,620,83.76433076703755,1.1912157359986546
hongkong,0.6,223,b,76.09127888913008,103.19248093945592,40.6624140109568,49.10115254756583,636,35,562,75.50304577155221,1.0806175070373683
hongkong,0.6,269,a,67.35634818978086,85.16576101585036,32.94550086117532,50.9375191061515,627,43,615,83.68380064489264,0.9281030798579801
hongkong,0.6,269,b,81.89143904592429,120.22511029651942,43.05524700729616,58.011098607279926,627,43,571,76.50861227977383,1.5345463250349893
hongkong,0.6,317,a,69.5330523385237,86.2005632442948,34.335831253832595,51.46684336146111,632,50,609,83.2775460512391,2.435787743986536
hongkong,0.6,317,b,78.94825408225742,78.38197703703082,44.100299823957826,41.73356784718853,632,50,573,77.31483274582864,3.46773664314854
hongkong,0.6,373,a,64.63870082602061,64.13393245840733,30.966694928565136,36.98353944849327,609,37,598,81.26682671897471,1.2350342212382506
hongkong,0.6,373,b,84.47474275273889,106.20301171268363,46.017409793290376,43.25664636735621,609,37,556,75.6533497912833,1.0350342212382506
hongkong,0.6,431,a,62.67348754492215,73.89551286241613,29.953020967505182,42.121774038308224,640,44,619,83.26612275794582,1.3592358386189516
hongkong,0.6,431,b,82.61916750313627,129.81529255234938,43.70391854422902,52.776289648407584,640,44,581,77.99283993360329,1.6064034546058792
hongkong,1,13,a,134.7203544315933,161.47222134648695,73.17131375588403,113.92736472816947,1099,75,710,99.83064032230399,1.788558275856667
hongkong,1,13,b,140.44879618400265,274.8566733989094,80.1882835148747,118.88142836767152,1099,75,662,91.27838924380288,1.5305574873257077
hongkong,1,29,a,120.02022371971816,157.08310339272435,67.92813494322478,113.44488478055914,1062,55,723,99.14272617672557,1.8116304741278024
hongkong,1,29,b,130.07632802232956,253.34323807036577,77.64103552503384,108.92964360963398,1062,55,645,86.69802124574339,2.4011466266635884
hongkong,1,47,a,128.95211822228012,148.16374521963309,73.11116395937248,105.88892226488392,1080,73,716,99.40469530842016,2.0904009833590864
hongkong,1,47,b,131.74957779653715,160.7544288143716,76.4282816755727,66.89858712375862,1080,73,659,90.65719551121887,2.7446532208992114
hongkong,1,71,a,130.00411886247076,155.13513832721537,74.30148687550263,107.33497980637551,1099,80,700,99.5898386134311,1.793041004049519
hongkong,1,71,b,132.52122120018703,249.87070494684002,76.4409390814139,96.08855788986776,1099,80,668,91.4793944049689,2.0743318465420697
hongkong,1,101,a,126.68558626980582,163.13963014836304,72.85019652117408,111.3487103600644,1108,66,710,98.9955504006608,1.945601778495014
hongkong,1,101,b,140.69430900001908,160.45109435750737,83.32463737287021,73.45051343657474,1108,66,652,88.78669484047701,2.287271183309804
hongkong,1,137,a,123.37127654762989,142.70246538413124,72.91053724783397,102.05552483503803,1075,77,701,99.75475379193843,2.0681282146721665
hongkong,1,137,b,137.73381265295322,164.67397372190902,82.12802934144484,80.37789474224913,1075,77,656,91.7285648534606,2.566729388144146
hongkong,1,179,a,129.6919051727059,158.7661536578853,71.24646609524885,106.07570396615789,1066,71,707,99.39011725130791,1.650096822743429
hongkong,1,179,b,125.45960540160863,368.21125772186497,74.1230737846096,130.3979127196262,1066,71,651,90.67137971725334,1.1763069790384482
hongkong,1,223,a,125.01029709453233,140.64600239126398,69.68579537376054,99.40673436677781,1054,70,708,99.1575843397523,2.7646780121575225
hongkong,1,223,b,134.04102395191794,122.3907495892755,79.95650409668241,54.176633239458695,1054,70,654,89.69276509743713,3.1368160865114683
hongkong,1,269,a,139.78427876000393,167.03618355047738,75.94951661482601,112.00039291631798,1042,82,707,99.30448225950049,2.801278558580058
hongkong,1,269,b,135.5497639474067,287.9733791181265,79.9259332196806,127.51178553973489,1042,82,672,92.41953664504908,2.620106780810147
hongkong,1,317,a,134.99046875675273,182.89802966296975,73.63986384095264,117.04476655636252,1054,76,707,99.33756976122433,2.442599816873341
hongkong,1,317,b,130.6704108996458,471.2579296046051,78.8015599006961,222.49380513384926,1054,76,663,91.08305793047174,4.783761688239732
hongkong,1,373,a,128.55777224609392,155.45843832718782,74.73312894391469,106.9887035964049,1021,74,702,98.94070388213905,2.816098105914959
hongkong,1,373,b,140.38475142907464,183.90818598472023,84.09905958003122,87.97766208001636,1021,74,649,90.0515461914404,2.526898117517582
hongkong,1,431,a,119.4343306369422,148.93465189604808,64.50014999200864,97.49220169963814,1050,71,716,99.08476048595686,2.202954871597649
hongkong,1,431,b,127.06823120828987,160.62756998689383,74.66402645651884,70.01239525969255,1050,71,660,90.03001860517294,2.065688537417494
hongkong,1.4,13,a,161.11379038147433,188.86939234658385,92.64579355591935,149.280251994372,1538,93,702,99.93829360451686,4.599458863461556
hongkong,1.4,13,b,161.46659835631706,225.58629636405092,95.189713759715,102.84866477091735,1538,93,681,94.60525719432053,5.338548231396696
hongkong,1.4,29,a,182.0595454604918,225.8942862374488,101.09069008455532,172.06939071947414,1501,99,698,99.94219003024996,4.181202985130797
hongkong,1.4,29,b,161.16141495828833,492.96037732721237,96.49338436684769,229.666349646389,1501,99,690,95.48309754025229,10.072766980518251
hongkong,1.4,47,a,192.55085682148456,230.14806457132147,107.84019156912562,169.2551288704798,1511,125,682,99.86117574280969,4.893537370018566
hongkong,1.4,47,b,164.13628415911353,797.1232237629397,96.11375934229632,534.1814800443603,1511,125,717,99.72518401984102,16.606050345271523
hongkong,1.4,71,a,175.77277670322619,224.16160325396967,98.01185777809796,163.56527027937068,1519,92,693,99.83298061890872,3.0877093406138254
hongkong,1.4,71,b,167.46077599151187,433.7318311306831,98.67951661379351,213.28448131264153,1519,92,682,94.92386617547545,3.4379024888946637
hongkong,1.4,101,a,159.69354504281728,217.13990958168642,92.45641388533691,155.24273401321196,1533,85,707,99.92110601792413,1.8730760773901844
hongkong,1.4,101,b,160.60976735403227,269.2305614297726,91.67329854365376,131.5230611356168,1533,85,676,93.62801473237646,3.2173541694489054
hongkong,1.4,137,a,156.2303733805002,184.08333376656324,89.30592335146508,140.09080028368376,1502,78,716,99.86753871436498,2.8903500570198353
hongkong,1.4,137,b,167.39869434929935,179.87579224452392,95.74717688778189,85.85057740190085,1502,78,669,92.04317644285284,3.757938276508442
hongkong,1.4,179,a,177.4716970281498,205.13309352235137,100.880893493904,156.905959791481,1500,101,691,99.85066758098236,3.4889926770802657
hongkong,1.4,179,b,164.75780137834263,452.9871691512981,97.99007931785876,250.98187132741324,1500,101,690,97.3007596951859,3.1584457164317428
hongkong,1.4,223,a,168.1814421424293,195.78283072238264,93.34891554717113,152.70419727510955,1495,91,700,99.86192874172357,3.379357861075429
hongkong,1.4,223,b,165.638349810332,392.00269821608254,95.2710649390394,157.30410311828382,1495,91,677,94.70328658332573,3.7146382955957353
hongkong,1.4,269,a,166.03307802548645,209.2868695346646,92.1939840251173,156.9932370352996,1442,85,710,99.93102881689164,3.270684831691809
hongkong,1.4,269,b,158.9008880858539,703.0873182729439,91.82417062369983,272.3321149823152,1442,85,675,93.38402744249595,3.2306065445620638
hongkong,1.4,317,a,183.57922924292325,220.65205380875398,105.73482552648576,167.51003906590532,1472,107,687,99.82427688551884,2.798523405650091
hongkong,1.4,317,b,163.47970881687024,383.3470890841031,95.32465571758837,216.2859621241873,1472,107,697,97.21870981121934,9.452750398008538
hongkong,1.4,373,a,169.6389819029443,198.36841041317393,95.88897382735175,155.2121448500151,1437,106,687,99.63124778677643,3.6687374218023856
hongkong,1.4,373,b,162.3465260674453,735.9181497160343,93.13115856408744,345.58729169600167,1437,106,690,96.00872806155189,10.257509411072594
hongkong,1.4,431,a,196.03244245866327,237.99231655551156,108.69520865189158,170.52323360339818,1512,123,676,99.748361454957,2.6634695166591276
hongkong,1.4,431,b,159.58537537686135,916.9594408417397,92.66416420824369,368.88633918811195,1512,123,716,98.71997197104223,16.82408842637563