radius_mm,from,to,distance_m,direct_m,min_conservative_radius_mm,reachable
100,entrance,entrance,0.000000,0.000000,1058,true
100,entrance,information,16.996551,15.880806,558,true
100,entrance,registration,17.659293,16.763055,158,true
100,entrance,imaging,54.187215,46.686186,108,true
100,entrance,function,75.675945,61.360900,108,true
100,entrance,clinic1,67.184776,50.763767,108,true
100,entrance,clinic2,46.907821,37.483330,158,true
100,entrance,mri,64.904372,56.438639,158,true
100,entrance,dr,55.933810,50.409920,158,true
100,entrance,ct1,54.713708,51.197266,158,true
100,entrance,ct2,57.524473,53.254108,158,true
100,entrance,accessibleLift,19.119596,17.708755,233,true
100,entrance,pharmacy,5.765685,5.614268,908,true
100,information,entrance,16.996551,15.880806,458,true
100,information,information,0.000000,0.000000,858,true
100,information,registration,7.676955,6.603030,133,true
100,information,imaging,46.326912,43.046487,108,true
100,information,function,68.284271,62.385255,108,true
100,information,clinic1,59.793102,53.263496,108,true
100,information,clinic2,42.445079,37.320236,158,true
100,information,mri,55.989654,49.831717,158,true
100,information,dr,46.667619,37.932572,158,true
100,information,ct1,45.447518,40.621177,158,true
100,information,ct2,48.609755,44.714651,158,true
100,information,accessibleLift,15.125483,14.166157,258,true
100,information,pharmacy,19.267619,19.096597,858,true
100,registration,entrance,17.659293,16.763055,258,true
100,registration,information,7.676955,6.603030,258,true
100,registration,registration,0.000000,0.000000,933,true
100,registration,imaging,53.797980,49.648766,108,true
100,registration,function,75.755339,68.782556,108,true
100,registration,clinic1,67.264170,59.449811,108,true
100,registration,clinic2,49.916147,43.712698,158,true
100,registration,mri,63.197980,56.297069,158,true
100,registration,dr,51.767114,43.145336,158,true
100,registration,ct1,50.547013,46.466332,158,true
100,registration,ct2,55.818081,50.960769,158,true
100,registration,accessibleLift,22.596551,20.436242,258,true
100,registration,pharmacy,23.093607,21.377558,258,true
100,imaging,entrance,54.187215,46.686186,158,true
100,imaging,information,46.326912,43.046487,158,true
100,imaging,registration,53.797980,49.648766,158,true
100,imaging,imaging,0.000000,0.000000,1911,true
100,imaging,function,27.622540,23.169808,108,true
100,imaging,clinic1,22.610765,20.041956,108,true
100,imaging,clinic2,11.965685,11.806778,658,true
100,imaging,mri,20.871068,12.757743,158,true
100,imaging,dr,39.230866,29.252692,158,true
100,imaging,ct1,32.519596,22.300673,158,true
100,imaging,ct2,26.076955,16.211107,158,true
100,imaging,accessibleLift,35.067619,30.269457,158,true
100,imaging,pharmacy,51.467619,43.289722,158,true
100,function,entrance,75.675945,61.360900,158,true
100,function,information,68.284271,62.385255,158,true
100,function,registration,75.755339,68.782556,258,true
100,function,imaging,27.622540,23.169808,208,true
100,function,function,0.000000,0.000000,1772,true
100,function,clinic1,12.168124,11.280071,208,true
100,function,clinic2,28.768124,25.071099,258,true
100,function,mri,39.527922,29.362561,158,true
100,function,dr,63.342136,51.744758,158,true
100,function,ct1,55.927922,44.171484,158,true
100,function,ct2,47.727922,36.597814,158,true
100,function,accessibleLift,56.556349,48.355765,158,true
100,function,pharmacy,72.956349,56.605653,158,true
100,clinic1,entrance,67.184776,50.763767,158,true
100,clinic1,information,59.793102,53.263496,158,true
100,clinic1,registration,67.264170,59.449811,158,true
100,clinic1,imaging,22.610765,20.041956,158,true
100,clinic1,function,12.168124,11.280071,108,true
100,clinic1,clinic1,0.000000,0.000000,1758,true
100,clinic1,clinic2,20.276955,16.600000,158,true
100,clinic1,mri,34.867619,30.440105,158,true
100,clinic1,dr,58.330361,49.092973,158,true
100,clinic1,ct1,51.267619,42.338162,158,true
100,clinic1,ct2,43.067619,35.948853,158,true
100,clinic1,accessibleLift,48.065180,39.097826,158,true
100,clinic1,pharmacy,64.465180,45.818773,158,true
100,clinic2,entrance,46.907821,37.483330,158,true
100,clinic2,information,42.445079,37.320236,158,true
100,clinic2,registration,49.916147,43.712698,158,true
100,clinic2,imaging,11.965685,11.806778,708,true
100,clinic2,function,28.768124,25.071099,108,true
100,clinic2,clinic1,20.276955,16.600000,108,true
100,clinic2,clinic2,0.000000,0.000000,1917,true
100,clinic2,mri,32.133810,24.452403,158,true
100,clinic2,dr,41.964675,35.656136,158,true
100,clinic2,ct1,35.956349,30.320950,158,true
100,clinic2,ct2,29.513708,26.294486,158,true
100,clinic2,accessibleLift,27.788225,23.293776,158,true
100,clinic2,pharmacy,44.188225,33.366450,158,true
100,mri,entrance,64.904372,56.438639,158,true
100,mri,information,55.989654,49.831717,158,true
100,mri,registration,63.197980,56.297069,133,true
100,mri,imaging,20.871068,12.757743,158,true
100,mri,function,39.527922,29.362561,108,true
100,mri,clinic1,34.867619,30.440105,108,true
100,mri,clinic2,32.133810,24.452403,158,true
100,mri,mri,0.000000,0.000000,1558,true
100,mri,dr,24.400000,24.400000,1358,true
100,mri,ct1,16.400000,16.400000,1358,true
100,mri,ct2,8.200000,8.200000,1358,true
100,mri,accessibleLift,45.784776,39.000000,158,true
100,mri,pharmacy,62.184776,53.777691,158,true
100,dr,entrance,55.933810,50.409920,258,true
100,dr,information,46.667619,37.932572,158,true
100,dr,registration,51.767114,43.145336,133,true
100,dr,imaging,39.230866,29.252692,108,true
100,dr,function,63.342136,51.744758,108,true
100,dr,clinic1,58.330361,49.092973,108,true
100,dr,clinic2,41.964675,35.656136,158,true
100,dr,mri,24.400000,24.400000,1358,true
100,dr,dr,0.000000,0.000000,1558,true
100,dr,ct1,8.000000,8.000000,1358,true
100,dr,ct2,16.200000,16.200000,1358,true
100,dr,accessibleLift,37.145584,33.913419,258,true
100,dr,pharmacy,53.545584,50.211154,258,true
100,ct1,entrance,54.713708,51.197266,258,true
100,ct1,information,45.447518,40.621177,158,true
100,ct1,registration,50.547013,46.466332,133,true
100,ct1,imaging,32.519596,22.300673,108,true
100,ct1,function,55.927922,44.171484,108,true
100,ct1,clinic1,51.267619,42.338162,108,true
100,ct1,clinic2,35.956349,30.320950,158,true
100,ct1,mri,16.400000,16.400000,1358,true
100,ct1,dr,8.000000,8.000000,1358,true
100,ct1,ct1,0.000000,0.000000,1558,true
100,ct1,ct2,8.200000,8.200000,1358,true
100,ct1,accessibleLift,35.594113,33.771586,258,true
100,ct1,pharmacy,51.994113,50.115467,258,true
100,ct2,entrance,57.524473,53.254108,158,true
100,ct2,information,48.609755,44.714651,158,true
100,ct2,registration,55.818081,50.960769,133,true
100,ct2,imaging,26.076955,16.211107,108,true
100,ct2,function,47.727922,36.597814,108,true
100,ct2,clinic1,43.067619,35.948853,108,true
100,ct2,clinic2,29.513708,26.294486,158,true
100,ct2,mri,8.200000,8.200000,1358,true
100,ct2,dr,16.200000,16.200000,1358,true
100,ct2,ct1,8.200000,8.200000,1358,true
100,ct2,ct2,0.000000,0.000000,1584,true
100,ct2,accessibleLift,38.404877,35.546027,158,true
100,ct2,pharmacy,54.804877,51.327965,158,true
100,accessibleLift,entrance,19.119596,17.708755,1058,true
100,accessibleLift,information,15.125483,14.166157,258,true
100,accessibleLift,registration,22.596551,20.436242,258,true
100,accessibleLift,imaging,35.067619,30.269457,108,true
100,accessibleLift,function,56.556349,48.355765,108,true
100,accessibleLift,clinic1,48.065180,39.097826,108,true
100,accessibleLift,clinic2,27.788225,23.293776,158,true
100,accessibleLift,mri,45.784776,39.000000,158,true
100,accessibleLift,dr,37.145584,33.913419,158,true
100,accessibleLift,ct1,35.594113,33.771586,158,true
100,accessibleLift,ct2,38.404877,35.546027,158,true
100,accessibleLift,accessibleLift,0.000000,0.000000,1358,true
100,accessibleLift,pharmacy,16.400000,16.400000,1058,true
100,pharmacy,entrance,5.765685,5.614268,1058,true
100,pharmacy,information,19.267619,19.096597,858,true
100,pharmacy,registration,23.093607,21.377558,158,true
100,pharmacy,imaging,51.467619,43.289722,108,true
100,pharmacy,function,72.956349,56.605653,108,true
100,pharmacy,clinic1,64.465180,45.818773,108,true
100,pharmacy,clinic2,44.188225,33.366450,158,true
100,pharmacy,mri,62.184776,53.777691,158,true
100,pharmacy,dr,53.545584,50.211154,158,true
100,pharmacy,ct1,51.994113,50.115467,158,true
100,pharmacy,ct2,54.804877,51.327965,158,true
100,pharmacy,accessibleLift,16.400000,16.400000,1058,true
100,pharmacy,pharmacy,0.000000,0.000000,1308,true
150,entrance,entrance,0.000000,0.000000,1058,true
150,entrance,information,16.996551,15.880806,558,true
150,entrance,registration,17.659293,16.763055,158,true
150,entrance,imaging,54.304372,46.686186,158,true
150,entrance,function,75.910260,61.360900,158,true
150,entrance,clinic1,67.536248,50.763767,158,true
150,entrance,clinic2,47.024978,37.483330,158,true
150,entrance,mri,64.904372,56.438639,158,true
150,entrance,dr,55.933810,50.409920,158,true
150,entrance,ct1,54.713708,51.197266,158,true
150,entrance,ct2,57.524473,53.254108,158,true
150,entrance,accessibleLift,19.119596,17.708755,233,true
150,entrance,pharmacy,5.765685,5.614268,908,true
150,information,entrance,16.996551,15.880806,458,true
150,information,information,0.000000,0.000000,858,true
150,information,registration,7.676955,6.603030,333,true
150,information,imaging,46.444069,43.046487,158,true
150,information,function,68.284271,62.385255,158,true
150,information,clinic1,59.910260,53.263496,158,true
150,information,clinic2,42.445079,37.320236,158,true
150,information,mri,56.106811,49.831717,158,true
150,information,dr,46.667619,37.932572,158,true
150,information,ct1,45.447518,40.621177,158,true
150,information,ct2,48.726912,44.714651,158,true
150,information,accessibleLift,15.125483,14.166157,258,true
150,information,pharmacy,19.267619,19.096597,858,true
150,registration,entrance,17.659293,16.763055,258,true
150,registration,information,7.676955,6.603030,258,true
150,registration,registration,0.000000,0.000000,933,true
150,registration,imaging,53.915137,49.648766,158,true
150,registration,function,75.755339,68.782556,158,true
150,registration,clinic1,67.381328,59.449811,158,true
150,registration,clinic2,49.916147,43.712698,158,true
150,registration,mri,63.197980,56.297069,158,true
150,registration,dr,51.767114,43.145336,158,true
150,registration,ct1,50.547013,46.466332,158,true
150,registration,ct2,55.818081,50.960769,158,true
150,registration,accessibleLift,22.596551,20.436242,258,true
150,registration,pharmacy,23.093607,21.377558,258,true
150,imaging,entrance,54.304372,46.686186,158,true
150,imaging,information,46.444069,43.046487,158,true
150,imaging,registration,53.915137,49.648766,158,true
150,imaging,imaging,0.000000,0.000000,1911,true
150,imaging,function,27.622540,23.169808,158,true
150,imaging,clinic1,22.727922,20.041956,158,true
150,imaging,clinic2,11.965685,11.806778,658,true
150,imaging,mri,20.871068,12.757743,158,true
150,imaging,dr,39.582338,29.252692,158,true
150,imaging,ct1,32.753911,22.300673,158,true
150,imaging,ct2,26.311270,16.211107,158,true
150,imaging,accessibleLift,35.184776,30.269457,158,true
150,imaging,pharmacy,51.584776,43.289722,158,true
150,function,entrance,75.910260,61.360900,158,true
150,function,information,68.284271,62.385255,158,true
150,function,registration,75.755339,68.782556,258,true
150,function,imaging,27.622540,23.169808,208,true
150,function,function,0.000000,0.000000,1772,true
150,function,clinic1,12.168124,11.280071,208,true
150,function,clinic2,28.885281,25.071099,258,true
150,function,mri,39.527922,29.362561,158,true
150,function,dr,63.576450,51.744758,158,true
150,function,ct1,55.927922,44.171484,158,true
150,function,ct2,47.727922,36.597814,158,true
150,function,accessibleLift,56.790664,48.355765,158,true
150,function,pharmacy,73.190664,56.605653,158,true
150,clinic1,entrance,67.536248,50.763767,158,true
150,clinic1,information,59.910260,53.263496,158,true
150,clinic1,registration,67.381328,59.449811,158,true
150,clinic1,imaging,22.727922,20.041956,158,true
150,clinic1,function,12.168124,11.280071,158,true
150,clinic1,clinic1,0.000000,0.000000,1758,true
150,clinic1,clinic2,20.511270,16.600000,158,true
150,clinic1,mri,34.867619,30.440105,158,true
150,clinic1,dr,58.681833,49.092973,158,true
150,clinic1,ct1,51.267619,42.338162,158,true
150,clinic1,ct2,43.067619,35.948853,158,true
150,clinic1,accessibleLift,48.416652,39.097826,158,true
150,clinic1,pharmacy,64.816652,45.818773,158,true
150,clinic2,entrance,47.024978,37.483330,158,true
150,clinic2,information,42.445079,37.320236,158,true
150,clinic2,registration,49.916147,43.712698,158,true
150,clinic2,imaging,11.965685,11.806778,708,true
150,clinic2,function,28.885281,25.071099,258,true
150,clinic2,clinic1,20.511270,16.600000,258,true
150,clinic2,clinic2,0.000000,0.000000,1917,true
150,clinic2,mri,32.133810,24.452403,158,true
150,clinic2,dr,42.316147,35.656136,158,true
150,clinic2,ct1,36.073506,30.320950,158,true
150,clinic2,ct2,29.630866,26.294486,158,true
150,clinic2,accessibleLift,27.905382,23.293776,158,true
150,clinic2,pharmacy,44.305382,33.366450,158,true
150,mri,entrance,64.904372,56.438639,158,true
150,mri,information,56.106811,49.831717,158,true
150,mri,registration,63.197980,56.297069,158,true
150,mri,imaging,20.871068,12.757743,158,true
150,mri,function,39.527922,29.362561,158,true
150,mri,clinic1,34.867619,30.440105,158,true
150,mri,clinic2,32.133810,24.452403,158,true
150,mri,mri,0.000000,0.000000,1558,true
150,mri,dr,24.400000,24.400000,1358,true
150,mri,ct1,16.400000,16.400000,1358,true
150,mri,ct2,8.200000,8.200000,1358,true
150,mri,accessibleLift,45.784776,39.000000,158,true
150,mri,pharmacy,62.184776,53.777691,158,true
150,dr,entrance,55.933810,50.409920,258,true
150,dr,information,46.667619,37.932572,158,true
150,dr,registration,51.767114,43.145336,158,true
150,dr,imaging,39.582338,29.252692,158,true
150,dr,function,63.576450,51.744758,158,true
150,dr,clinic1,58.681833,49.092973,158,true
150,dr,clinic2,42.316147,35.656136,158,true
150,dr,mri,24.400000,24.400000,1358,true
150,dr,dr,0.000000,0.000000,1558,true
150,dr,ct1,8.000000,8.000000,1358,true
150,dr,ct2,16.200000,16.200000,1358,true
150,dr,accessibleLift,37.145584,33.913419,258,true
150,dr,pharmacy,53.545584,50.211154,258,true
150,ct1,entrance,54.713708,51.197266,258,true
150,ct1,information,45.447518,40.621177,158,true
150,ct1,registration,50.547013,46.466332,158,true
150,ct1,imaging,32.753911,22.300673,158,true
150,ct1,function,55.927922,44.171484,158,true
150,ct1,clinic1,51.267619,42.338162,158,true
150,ct1,clinic2,36.073506,30.320950,158,true
150,ct1,mri,16.400000,16.400000,1358,true
150,ct1,dr,8.000000,8.000000,1358,true
150,ct1,ct1,0.000000,0.000000,1558,true
150,ct1,ct2,8.200000,8.200000,1358,true
150,ct1,accessibleLift,35.594113,33.771586,258,true
150,ct1,pharmacy,51.994113,50.115467,258,true
150,ct2,entrance,57.524473,53.254108,158,true
150,ct2,information,48.726912,44.714651,158,true
150,ct2,registration,55.818081,50.960769,158,true
150,ct2,imaging,26.311270,16.211107,158,true
150,ct2,function,47.727922,36.597814,158,true
150,ct2,clinic1,43.067619,35.948853,158,true
150,ct2,clinic2,29.630866,26.294486,158,true
150,ct2,mri,8.200000,8.200000,1358,true
150,ct2,dr,16.200000,16.200000,1358,true
150,ct2,ct1,8.200000,8.200000,1358,true
150,ct2,ct2,0.000000,0.000000,1584,true
150,ct2,accessibleLift,38.404877,35.546027,158,true
150,ct2,pharmacy,54.804877,51.327965,158,true
150,accessibleLift,entrance,19.119596,17.708755,1058,true
150,accessibleLift,information,15.125483,14.166157,258,true
150,accessibleLift,registration,22.596551,20.436242,258,true
150,accessibleLift,imaging,35.184776,30.269457,158,true
150,accessibleLift,function,56.790664,48.355765,158,true
150,accessibleLift,clinic1,48.416652,39.097826,158,true
150,accessibleLift,clinic2,27.905382,23.293776,158,true
150,accessibleLift,mri,45.784776,39.000000,158,true
150,accessibleLift,dr,37.145584,33.913419,158,true
150,accessibleLift,ct1,35.594113,33.771586,158,true
150,accessibleLift,ct2,38.404877,35.546027,158,true
150,accessibleLift,accessibleLift,0.000000,0.000000,1358,true
150,accessibleLift,pharmacy,16.400000,16.400000,1058,true
150,pharmacy,entrance,5.765685,5.614268,1058,true
150,pharmacy,information,19.267619,19.096597,858,true
150,pharmacy,registration,23.093607,21.377558,158,true
150,pharmacy,imaging,51.584776,43.289722,158,true
150,pharmacy,function,73.190664,56.605653,158,true
150,pharmacy,clinic1,64.816652,45.818773,158,true
150,pharmacy,clinic2,44.305382,33.366450,158,true
150,pharmacy,mri,62.184776,53.777691,158,true
150,pharmacy,dr,53.545584,50.211154,158,true
150,pharmacy,ct1,51.994113,50.115467,158,true
150,pharmacy,ct2,54.804877,51.327965,158,true
150,pharmacy,accessibleLift,16.400000,16.400000,1058,true
150,pharmacy,pharmacy,0.000000,0.000000,1308,true
200,entrance,entrance,0.000000,0.000000,1058,true
200,entrance,information,16.996551,15.880806,558,true
200,entrance,registration,17.659293,16.763055,358,true
200,entrance,imaging,54.421530,46.686186,308,true
200,entrance,function,76.027417,61.360900,233,true
200,entrance,clinic1,67.536248,50.763767,233,true
200,entrance,clinic2,47.024978,37.483330,233,true
200,entrance,mri,65.021530,56.438639,358,true
200,entrance,dr,55.933810,50.409920,258,true
200,entrance,ct1,54.713708,51.197266,258,true
200,entrance,ct2,57.524473,53.254108,358,true
200,entrance,accessibleLift,19.119596,17.708755,233,true
200,entrance,pharmacy,5.765685,5.614268,908,true
200,information,entrance,16.996551,15.880806,458,true
200,information,information,0.000000,0.000000,858,true
200,information,registration,7.794113,6.603030,333,true
200,information,imaging,46.444069,43.046487,308,true
200,information,function,68.401429,62.385255,258,true
200,information,clinic1,59.910260,53.263496,258,true
200,information,clinic2,42.445079,37.320236,258,true
200,information,mri,56.223968,49.831717,358,true
200,information,dr,46.667619,37.932572,258,true
200,information,ct1,45.447518,40.621177,258,true
200,information,ct2,48.726912,44.714651,358,true
200,information,accessibleLift,15.125483,14.166157,258,true
200,information,pharmacy,19.267619,19.096597,858,true
200,registration,entrance,17.659293,16.763055,258,true
200,registration,information,7.794113,6.603030,258,true
200,registration,registration,0.000000,0.000000,933,true
200,registration,imaging,53.915137,49.648766,258,true
200,registration,function,75.872496,68.782556,258,true
200,registration,clinic1,67.381328,59.449811,258,true
200,registration,clinic2,49.916147,43.712698,258,true
200,registration,mri,63.432294,56.297069,258,true
200,registration,dr,51.767114,43.145336,258,true
200,registration,ct1,50.547013,46.466332,258,true
200,registration,ct2,55.935238,50.960769,258,true
200,registration,accessibleLift,22.596551,20.436242,258,true
200,registration,pharmacy,23.093607,21.377558,258,true
200,imaging,entrance,54.421530,46.686186,258,true
200,imaging,information,46.444069,43.046487,258,true
200,imaging,registration,53.915137,49.648766,258,true
200,imaging,imaging,0.000000,0.000000,1911,true
200,imaging,function,27.856854,23.169808,258,true
200,imaging,clinic1,22.845079,20.041956,308,true
200,imaging,clinic2,11.965685,11.806778,658,true
200,imaging,mri,21.153911,12.757743,338,true
200,imaging,dr,39.865180,29.252692,258,true
200,imaging,ct1,33.739697,22.300673,358,true
200,imaging,ct2,27.345584,16.211107,358,true
200,imaging,accessibleLift,35.301934,30.269457,258,true
200,imaging,pharmacy,51.701934,43.289722,258,true
200,function,entrance,76.027417,61.360900,258,true
200,function,information,68.401429,62.385255,258,true
200,function,registration,75.872496,68.782556,258,true
200,function,imaging,27.856854,23.169808,208,true
200,function,function,0.000000,0.000000,1772,true
200,function,clinic1,12.402439,11.280071,208,true
200,function,clinic2,29.002439,25.071099,258,true
200,function,mri,39.879394,29.362561,258,true
200,function,dr,63.810765,51.744758,258,true
200,function,ct1,56.279394,44.171484,258,true
200,function,ct2,48.079394,36.597814,258,true
200,function,accessibleLift,56.907821,48.355765,258,true
200,function,pharmacy,73.307821,56.605653,258,true
200,clinic1,entrance,67.536248,50.763767,258,true
200,clinic1,information,59.910260,53.263496,258,true
200,clinic1,registration,67.381328,59.449811,258,true
200,clinic1,imaging,22.845079,20.041956,208,true
200,clinic1,function,12.402439,11.280071,308,true
200,clinic1,clinic1,0.000000,0.000000,1758,true
200,clinic1,clinic2,20.511270,16.600000,258,true
200,clinic1,mri,34.984776,30.440105,358,true
200,clinic1,dr,58.798990,49.092973,258,true
200,clinic1,ct1,51.384776,42.338162,358,true
200,clinic1,ct2,43.184776,35.948853,358,true
200,clinic1,accessibleLift,48.416652,39.097826,258,true
200,clinic1,pharmacy,64.816652,45.818773,258,true
200,clinic2,entrance,47.024978,37.483330,258,true
200,clinic2,information,42.445079,37.320236,258,true
200,clinic2,registration,49.916147,43.712698,258,true
200,clinic2,imaging,11.965685,11.806778,708,true
200,clinic2,function,29.002439,25.071099,258,true
200,clinic2,clinic1,20.511270,16.600000,258,true
200,clinic2,clinic2,0.000000,0.000000,1917,true
200,clinic2,mri,32.416652,24.452403,358,true
200,clinic2,dr,42.433304,35.656136,258,true
200,clinic2,ct1,36.307821,30.320950,258,true
200,clinic2,ct2,29.913708,26.294486,258,true
200,clinic2,accessibleLift,27.905382,23.293776,258,true
200,clinic2,pharmacy,44.305382,33.366450,258,true
200,mri,entrance,65.021530,56.438639,258,true
200,mri,information,56.223968,49.831717,258,true
200,mri,registration,63.432294,56.297069,258,true
200,mri,imaging,21.153911,12.757743,233,true
200,mri,function,39.879394,29.362561,258,true
200,mri,clinic1,34.984776,30.440105,308,true
200,mri,clinic2,32.416652,24.452403,258,true
200,mri,mri,0.000000,0.000000,1558,true
200,mri,dr,24.400000,24.400000,1358,true
200,mri,ct1,16.400000,16.400000,1358,true
200,mri,ct2,8.200000,8.200000,1358,true
200,mri,accessibleLift,45.901934,39.000000,258,true
200,mri,pharmacy,62.301934,53.777691,258,true
200,dr,entrance,55.933810,50.409920,258,true
200,dr,information,46.667619,37.932572,258,true
200,dr,registration,51.767114,43.145336,258,true
200,dr,imaging,39.865180,29.252692,258,true
200,dr,function,63.810765,51.744758,258,true
200,dr,clinic1,58.798990,49.092973,258,true
200,dr,clinic2,42.433304,35.656136,258,true
200,dr,mri,24.400000,24.400000,1358,true
200,dr,dr,0.000000,0.000000,1558,true
200,dr,ct1,8.000000,8.000000,1358,true
200,dr,ct2,16.200000,16.200000,1358,true
200,dr,accessibleLift,37.145584,33.913419,258,true
200,dr,pharmacy,53.545584,50.211154,258,true
200,ct1,entrance,54.713708,51.197266,258,true
200,ct1,information,45.447518,40.621177,258,true
200,ct1,registration,50.547013,46.466332,258,true
200,ct1,imaging,33.739697,22.300673,308,true
200,ct1,function,56.279394,44.171484,258,true
200,ct1,clinic1,51.384776,42.338162,308,true
200,ct1,clinic2,36.307821,30.320950,258,true
200,ct1,mri,16.400000,16.400000,1358,true
200,ct1,dr,8.000000,8.000000,1358,true
200,ct1,ct1,0.000000,0.000000,1558,true
200,ct1,ct2,8.200000,8.200000,1358,true
200,ct1,accessibleLift,35.594113,33.771586,258,true
200,ct1,pharmacy,51.994113,50.115467,258,true
200,ct2,entrance,57.524473,53.254108,258,true
200,ct2,information,48.726912,44.714651,258,true
200,ct2,registration,55.935238,50.960769,258,true
200,ct2,imaging,27.345584,16.211107,308,true
200,ct2,function,48.079394,36.597814,258,true
200,ct2,clinic1,43.184776,35.948853,308,true
200,ct2,clinic2,29.913708,26.294486,258,true
200,ct2,mri,8.200000,8.200000,1358,true
200,ct2,dr,16.200000,16.200000,1358,true
200,ct2,ct1,8.200000,8.200000,1358,true
200,ct2,ct2,0.000000,0.000000,1584,true
200,ct2,accessibleLift,38.404877,35.546027,258,true
200,ct2,pharmacy,54.804877,51.327965,258,true
200,accessibleLift,entrance,19.119596,17.708755,1058,true
200,accessibleLift,information,15.125483,14.166157,258,true
200,accessibleLift,registration,22.596551,20.436242,258,true
200,accessibleLift,imaging,35.301934,30.269457,308,true
200,accessibleLift,function,56.907821,48.355765,258,true
200,accessibleLift,clinic1,48.416652,39.097826,258,true
200,accessibleLift,clinic2,27.905382,23.293776,258,true
200,accessibleLift,mri,45.901934,39.000000,358,true
200,accessibleLift,dr,37.145584,33.913419,358,true
200,accessibleLift,ct1,35.594113,33.771586,358,true
200,accessibleLift,ct2,38.404877,35.546027,358,true
200,accessibleLift,accessibleLift,0.000000,0.000000,1358,true
200,accessibleLift,pharmacy,16.400000,16.400000,1058,true
200,pharmacy,entrance,5.765685,5.614268,1058,true
200,pharmacy,information,19.267619,19.096597,858,true
200,pharmacy,registration,23.093607,21.377558,358,true
200,pharmacy,imaging,51.701934,43.289722,308,true
200,pharmacy,function,73.307821,56.605653,258,true
200,pharmacy,clinic1,64.816652,45.818773,258,true
200,pharmacy,clinic2,44.305382,33.366450,258,true
200,pharmacy,mri,62.301934,53.777691,358,true
200,pharmacy,dr,53.545584,50.211154,358,true
200,pharmacy,ct1,51.994113,50.115467,358,true
200,pharmacy,ct2,54.804877,51.327965,358,true
200,pharmacy,accessibleLift,16.400000,16.400000,1058,true
200,pharmacy,pharmacy,0.000000,0.000000,1308,true
250,entrance,entrance,0.000000,0.000000,1058,true
250,entrance,information,16.996551,15.880806,558,true
250,entrance,registration,17.659293,16.763055,358,true
250,entrance,imaging,54.538687,46.686186,308,true
250,entrance,function,76.144574,61.360900,258,true
250,entrance,clinic1,67.770563,50.763767,258,true
250,entrance,clinic2,47.142136,37.483330,258,true
250,entrance,mri,65.021530,56.438639,358,true
250,entrance,dr,56.050967,50.409920,258,true
250,entrance,ct1,54.830866,51.197266,258,true
250,entrance,ct2,57.524473,53.254108,358,true
250,entrance,accessibleLift,19.119596,17.708755,406,true
250,entrance,pharmacy,5.765685,5.614268,908,true
250,information,entrance,16.996551,15.880806,458,true
250,information,information,0.000000,0.000000,858,true
250,information,registration,7.794113,6.603030,333,true
250,information,imaging,46.561227,43.046487,308,true
250,information,function,68.401429,62.385255,258,true
250,information,clinic1,60.027417,53.263496,258,true
250,information,clinic2,42.562237,37.320236,258,true
250,information,mri,56.223968,49.831717,358,true
250,information,dr,46.901934,37.932572,258,true
250,information,ct1,45.681833,40.621177,258,true
250,information,ct2,48.726912,44.714651,358,true
250,information,accessibleLift,15.125483,14.166157,258,true
250,information,pharmacy,19.267619,19.096597,858,true
250,registration,entrance,17.659293,16.763055,258,true
250,registration,information,7.794113,6.603030,258,true
250,registration,registration,0.000000,0.000000,933,true
250,registration,imaging,54.032294,49.648766,258,true
250,registration,function,75.872496,68.782556,258,true
250,registration,clinic1,67.498485,59.449811,258,true
250,registration,clinic2,50.033304,43.712698,258,true
250,registration,mri,63.695036,56.297069,258,true
250,registration,dr,51.884271,43.145336,258,true
250,registration,ct1,50.664170,46.466332,258,true
250,registration,ct2,56.197980,50.960769,258,true
250,registration,accessibleLift,22.596551,20.436242,258,true
250,registration,pharmacy,23.093607,21.377558,258,true
250,imaging,entrance,54.538687,46.686186,258,true
250,imaging,information,46.561227,43.046487,258,true
250,imaging,registration,54.032294,49.648766,258,true
250,imaging,imaging,0.000000,0.000000,1911,true
250,imaging,function,27.856854,23.169808,258,true
250,imaging,clinic1,22.962237,20.041956,308,true
250,imaging,clinic2,11.965685,11.806778,658,true
250,imaging,mri,21.388225,12.757743,358,true
250,imaging,dr,40.099495,29.252692,258,true
250,imaging,ct1,33.856854,22.300673,358,true
250,imaging,ct2,27.462742,16.211107,358,true
250,imaging,accessibleLift,35.419091,30.269457,258,true
250,imaging,pharmacy,51.819091,43.289722,258,true
250,function,entrance,76.144574,61.360900,258,true
250,function,information,68.401429,62.385255,258,true
250,function,registration,75.872496,68.782556,258,true
250,function,imaging,27.856854,23.169808,258,true
250,function,function,0.000000,0.000000,1772,true
250,function,clinic1,12.402439,11.280071,258,true
250,function,clinic2,29.002439,25.071099,258,true
250,function,mri,39.879394,29.362561,258,true
250,function,dr,63.927922,51.744758,258,true
250,function,ct1,56.279394,44.171484,258,true
250,function,ct2,48.079394,36.597814,258,true
250,function,accessibleLift,57.024978,48.355765,258,true
250,function,pharmacy,73.424978,56.605653,258,true
250,clinic1,entrance,67.770563,50.763767,258,true
250,clinic1,information,60.027417,53.263496,258,true
250,clinic1,registration,67.498485,59.449811,258,true
250,clinic1,imaging,22.962237,20.041956,258,true
250,clinic1,function,12.402439,11.280071,308,true
250,clinic1,clinic1,0.000000,0.000000,1758,true
250,clinic1,clinic2,20.628427,16.600000,258,true
250,clinic1,mri,34.984776,30.440105,358,true
250,clinic1,dr,59.033304,49.092973,258,true
250,clinic1,ct1,51.384776,42.338162,358,true
250,clinic1,ct2,43.184776,35.948853,358,true
250,clinic1,accessibleLift,48.650967,39.097826,258,true
250,clinic1,pharmacy,65.050967,45.818773,258,true
250,clinic2,entrance,47.142136,37.483330,258,true
250,clinic2,information,42.562237,37.320236,258,true
250,clinic2,registration,50.033304,43.712698,258,true
250,clinic2,imaging,11.965685,11.806778,708,true
250,clinic2,function,29.002439,25.071099,258,true
250,clinic2,clinic1,20.628427,16.600000,258,true
250,clinic2,clinic2,0.000000,0.000000,1917,true
250,clinic2,mri,32.416652,24.452403,358,true
250,clinic2,dr,42.550462,35.656136,258,true
250,clinic2,ct1,36.307821,30.320950,258,true
250,clinic2,ct2,29.913708,26.294486,258,true
250,clinic2,accessibleLift,28.022540,23.293776,258,true
250,clinic2,pharmacy,44.422540,33.366450,258,true
250,mri,entrance,65.021530,56.438639,258,true
250,mri,information,56.223968,49.831717,258,true
250,mri,registration,63.695036,56.297069,258,true
250,mri,imaging,21.388225,12.757743,258,true
250,mri,function,39.879394,29.362561,258,true
250,mri,clinic1,34.984776,30.440105,308,true
250,mri,clinic2,32.416652,24.452403,258,true
250,mri,mri,0.000000,0.000000,1558,true
250,mri,dr,24.400000,24.400000,1358,true
250,mri,ct1,16.400000,16.400000,1358,true
250,mri,ct2,8.200000,8.200000,1358,true
250,mri,accessibleLift,45.901934,39.000000,258,true
250,mri,pharmacy,62.301934,53.777691,258,true
250,dr,entrance,56.050967,50.409920,258,true
250,dr,information,46.901934,37.932572,258,true
250,dr,registration,51.884271,43.145336,258,true
250,dr,imaging,40.099495,29.252692,258,true
250,dr,function,63.927922,51.744758,258,true
250,dr,clinic1,59.033304,49.092973,258,true
250,dr,clinic2,42.550462,35.656136,258,true
250,dr,mri,24.400000,24.400000,1358,true
250,dr,dr,0.000000,0.000000,1558,true
250,dr,ct1,8.000000,8.000000,1358,true
250,dr,ct2,16.200000,16.200000,1358,true
250,dr,accessibleLift,37.262742,33.913419,258,true
250,dr,pharmacy,53.662742,50.211154,258,true
250,ct1,entrance,54.830866,51.197266,258,true
250,ct1,information,45.681833,40.621177,258,true
250,ct1,registration,50.664170,46.466332,258,true
250,ct1,imaging,33.856854,22.300673,308,true
250,ct1,function,56.279394,44.171484,258,true
250,ct1,clinic1,51.384776,42.338162,308,true
250,ct1,clinic2,36.307821,30.320950,258,true
250,ct1,mri,16.400000,16.400000,1358,true
250,ct1,dr,8.000000,8.000000,1358,true
250,ct1,ct1,0.000000,0.000000,1558,true
250,ct1,ct2,8.200000,8.200000,1358,true
250,ct1,accessibleLift,35.711270,33.771586,258,true
250,ct1,pharmacy,52.111270,50.115467,258,true
250,ct2,entrance,57.524473,53.254108,258,true
250,ct2,information,48.726912,44.714651,258,true
250,ct2,registration,56.197980,50.960769,258,true
250,ct2,imaging,27.462742,16.211107,308,true
250,ct2,function,48.079394,36.597814,258,true
250,ct2,clinic1,43.184776,35.948853,308,true
250,ct2,clinic2,29.913708,26.294486,258,true
250,ct2,mri,8.200000,8.200000,1358,true
250,ct2,dr,16.200000,16.200000,1358,true
250,ct2,ct1,8.200000,8.200000,1358,true
250,ct2,ct2,0.000000,0.000000,1584,true
250,ct2,accessibleLift,38.404877,35.546027,258,true
250,ct2,pharmacy,54.804877,51.327965,258,true
250,accessibleLift,entrance,19.119596,17.708755,1058,true
250,accessibleLift,information,15.125483,14.166157,258,true
250,accessibleLift,registration,22.596551,20.436242,258,true
250,accessibleLift,imaging,35.419091,30.269457,308,true
250,accessibleLift,function,57.024978,48.355765,258,true
250,accessibleLift,clinic1,48.650967,39.097826,258,true
250,accessibleLift,clinic2,28.022540,23.293776,258,true
250,accessibleLift,mri,45.901934,39.000000,358,true
250,accessibleLift,dr,37.262742,33.913419,358,true
250,accessibleLift,ct1,35.711270,33.771586,358,true
250,accessibleLift,ct2,38.404877,35.546027,358,true
250,accessibleLift,accessibleLift,0.000000,0.000000,1358,true
250,accessibleLift,pharmacy,16.400000,16.400000,1058,true
250,pharmacy,entrance,5.765685,5.614268,1058,true
250,pharmacy,information,19.267619,19.096597,858,true
250,pharmacy,registration,23.093607,21.377558,358,true
250,pharmacy,imaging,51.819091,43.289722,308,true
250,pharmacy,function,73.424978,56.605653,258,true
250,pharmacy,clinic1,65.050967,45.818773,258,true
250,pharmacy,clinic2,44.422540,33.366450,258,true
250,pharmacy,mri,62.301934,53.777691,358,true
250,pharmacy,dr,53.662742,50.211154,358,true
250,pharmacy,ct1,52.111270,50.115467,358,true
250,pharmacy,ct2,54.804877,51.327965,358,true
250,pharmacy,accessibleLift,16.400000,16.400000,1058,true
250,pharmacy,pharmacy,0.000000,0.000000,1308,true
300,entrance,entrance,0.000000,0.000000,1058,true
300,entrance,information,16.996551,15.880806,558,true
300,entrance,registration,17.659293,16.763055,358,true
300,entrance,imaging,54.655844,46.686186,308,true
300,entrance,function,76.144574,61.360900,308,true
300,entrance,clinic1,67.936248,50.763767,308,true
300,entrance,clinic2,47.142136,37.483330,358,true
300,entrance,mri,65.138687,56.438639,358,true
300,entrance,dr,56.216652,50.409920,358,true
300,entrance,ct1,54.830866,51.197266,358,true
300,entrance,ct2,57.524473,53.254108,358,true
300,entrance,accessibleLift,19.119596,17.708755,433,true
300,entrance,pharmacy,5.765685,5.614268,908,true
300,information,entrance,16.996551,15.880806,458,true
300,information,information,0.000000,0.000000,858,true
300,information,registration,7.794113,6.603030,333,true
300,information,imaging,46.561227,43.046487,308,true
300,information,function,68.401429,62.385255,308,true
300,information,clinic1,60.193102,53.263496,308,true
300,information,clinic2,42.562237,37.320236,358,true
300,information,mri,56.458283,49.831717,358,true
300,information,dr,47.067619,37.932572,358,true
300,information,ct1,45.681833,40.621177,358,true
300,information,ct2,48.844069,44.714651,358,true
300,information,accessibleLift,15.125483,14.166157,458,true
300,information,pharmacy,19.267619,19.096597,858,true
300,registration,entrance,17.659293,16.763055,458,true
300,registration,information,7.794113,6.603030,424,true
300,registration,registration,0.000000,0.000000,933,true
300,registration,imaging,54.197980,49.648766,308,true
300,registration,function,76.038182,68.782556,308,true
300,registration,clinic1,67.829856,59.449811,308,true
300,registration,clinic2,50.198990,43.712698,358,true
300,registration,mri,64.018081,56.297069,358,true
300,registration,dr,52.049957,43.145336,358,true
300,registration,ct1,50.664170,46.466332,358,true
300,registration,ct2,56.403867,50.960769,358,true
300,registration,accessibleLift,22.762237,20.436242,458,true
300,registration,pharmacy,23.093607,21.377558,458,true
300,imaging,entrance,54.655844,46.686186,358,true
300,imaging,information,46.561227,43.046487,358,true
300,imaging,registration,54.197980,49.648766,358,true
300,imaging,imaging,0.000000,0.000000,1911,true
300,imaging,function,28.022540,23.169808,308,true
300,imaging,clinic1,22.962237,20.041956,308,true
300,imaging,clinic2,11.965685,11.806778,658,true
300,imaging,mri,21.505382,12.757743,358,true
300,imaging,dr,40.216652,29.252692,358,true
300,imaging,ct1,34.091169,22.300673,358,true
300,imaging,ct2,27.579899,16.211107,358,true
300,imaging,accessibleLift,35.536248,30.269457,358,true
300,imaging,pharmacy,51.936248,43.289722,358,true
300,function,entrance,76.144574,61.360900,358,true
300,function,information,68.401429,62.385255,358,true
300,function,registration,76.038182,68.782556,424,true
300,function,imaging,28.022540,23.169808,408,true
300,function,function,0.000000,0.000000,1772,true
300,function,clinic1,12.402439,11.280071,408,true
300,function,clinic2,29.002439,25.071099,424,true
300,function,mri,40.279394,29.362561,358,true
300,function,dr,64.210765,51.744758,358,true
300,function,ct1,56.679394,44.171484,358,true
300,function,ct2,48.479394,36.597814,358,true
300,function,accessibleLift,57.024978,48.355765,358,true
300,function,pharmacy,73.424978,56.605653,358,true
300,clinic1,entrance,67.936248,50.763767,358,true
300,clinic1,information,60.193102,53.263496,358,true
300,clinic1,registration,67.829856,59.449811,358,true
300,clinic1,imaging,22.962237,20.041956,358,true
300,clinic1,function,12.402439,11.280071,308,true
300,clinic1,clinic1,0.000000,0.000000,1758,true
300,clinic1,clinic2,20.794113,16.600000,358,true
300,clinic1,mri,35.219091,30.440105,358,true
300,clinic1,dr,59.150462,49.092973,358,true
300,clinic1,ct1,51.619091,42.338162,358,true
300,clinic1,ct2,43.419091,35.948853,358,true
300,clinic1,accessibleLift,48.816652,39.097826,358,true
300,clinic1,pharmacy,65.216652,45.818773,358,true
300,clinic2,entrance,47.142136,37.483330,358,true
300,clinic2,information,42.562237,37.320236,358,true
300,clinic2,registration,50.198990,43.712698,358,true
300,clinic2,imaging,11.965685,11.806778,708,true
300,clinic2,function,29.002439,25.071099,308,true
300,clinic2,clinic1,20.794113,16.600000,308,true
300,clinic2,clinic2,0.000000,0.000000,1917,true
300,clinic2,mri,32.533810,24.452403,358,true
300,clinic2,dr,42.667619,35.656136,358,true
300,clinic2,ct1,36.542136,30.320950,358,true
300,clinic2,ct2,30.030866,26.294486,358,true
300,clinic2,accessibleLift,28.022540,23.293776,358,true
300,clinic2,pharmacy,44.422540,33.366450,358,true
300,mri,entrance,65.138687,56.438639,358,true
300,mri,information,56.458283,49.831717,358,true
300,mri,registration,64.018081,56.297069,333,true
300,mri,imaging,21.505382,12.757743,358,true
300,mri,function,40.279394,29.362561,308,true
300,mri,clinic1,35.219091,30.440105,308,true
300,mri,clinic2,32.533810,24.452403,358,true
300,mri,mri,0.000000,0.000000,1558,true
300,mri,dr,24.400000,24.400000,1358,true
300,mri,ct1,16.400000,16.400000,1358,true
300,mri,ct2,8.200000,8.200000,1358,true
300,mri,accessibleLift,46.019091,39.000000,358,true
300,mri,pharmacy,62.419091,53.777691,358,true
300,dr,entrance,56.216652,50.409920,458,true
300,dr,information,47.067619,37.932572,358,true
300,dr,registration,52.049957,43.145336,333,true
300,dr,imaging,40.216652,29.252692,308,true
300,dr,function,64.210765,51.744758,308,true
300,dr,clinic1,59.150462,49.092973,308,true
300,dr,clinic2,42.667619,35.656136,358,true
300,dr,mri,24.400000,24.400000,1358,true
300,dr,dr,0.000000,0.000000,1558,true
300,dr,ct1,8.000000,8.000000,1358,true
300,dr,ct2,16.200000,16.200000,1358,true
300,dr,accessibleLift,37.262742,33.913419,458,true
300,dr,pharmacy,53.662742,50.211154,458,true
300,ct1,entrance,54.830866,51.197266,424,true
300,ct1,information,45.681833,40.621177,358,true
300,ct1,registration,50.664170,46.466332,333,true
300,ct1,imaging,34.091169,22.300673,308,true
300,ct1,function,56.679394,44.171484,308,true
300,ct1,clinic1,51.619091,42.338162,308,true
300,ct1,clinic2,36.542136,30.320950,358,true
300,ct1,mri,16.400000,16.400000,1358,true
300,ct1,dr,8.000000,8.000000,1358,true
300,ct1,ct1,0.000000,0.000000,1558,true
300,ct1,ct2,8.200000,8.200000,1358,true
300,ct1,accessibleLift,35.711270,33.771586,424,true
300,ct1,pharmacy,52.111270,50.115467,424,true
300,ct2,entrance,57.524473,53.254108,358,true
300,ct2,information,48.844069,44.714651,358,true
300,ct2,registration,56.403867,50.960769,333,true
300,ct2,imaging,27.579899,16.211107,308,true
300,ct2,function,48.479394,36.597814,308,true
300,ct2,clinic1,43.419091,35.948853,308,true
300,ct2,clinic2,30.030866,26.294486,358,true
300,ct2,mri,8.200000,8.200000,1358,true
300,ct2,dr,16.200000,16.200000,1358,true
300,ct2,ct1,8.200000,8.200000,1358,true
300,ct2,ct2,0.000000,0.000000,1584,true
300,ct2,accessibleLift,38.404877,35.546027,358,true
300,ct2,pharmacy,54.804877,51.327965,358,true
300,accessibleLift,entrance,19.119596,17.708755,1058,true
300,accessibleLift,information,15.125483,14.166157,458,true
300,accessibleLift,registration,22.762237,20.436242,424,true
300,accessibleLift,imaging,35.536248,30.269457,308,true
300,accessibleLift,function,57.024978,48.355765,308,true
300,accessibleLift,clinic1,48.816652,39.097826,308,true
300,accessibleLift,clinic2,28.022540,23.293776,358,true
300,accessibleLift,mri,46.019091,39.000000,358,true
300,accessibleLift,dr,37.262742,33.913419,358,true
300,accessibleLift,ct1,35.711270,33.771586,358,true
300,accessibleLift,ct2,38.404877,35.546027,358,true
300,accessibleLift,accessibleLift,0.000000,0.000000,1358,true
300,accessibleLift,pharmacy,16.400000,16.400000,1058,true
300,pharmacy,entrance,5.765685,5.614268,1058,true
300,pharmacy,information,19.267619,19.096597,858,true
300,pharmacy,registration,23.093607,21.377558,358,true
300,pharmacy,imaging,51.936248,43.289722,308,true
300,pharmacy,function,73.424978,56.605653,308,true
300,pharmacy,clinic1,65.216652,45.818773,308,true
300,pharmacy,clinic2,44.422540,33.366450,358,true
300,pharmacy,mri,62.419091,53.777691,358,true
300,pharmacy,dr,53.662742,50.211154,358,true
300,pharmacy,ct1,52.111270,50.115467,358,true
300,pharmacy,ct2,54.804877,51.327965,358,true
300,pharmacy,accessibleLift,16.400000,16.400000,1058,true
300,pharmacy,pharmacy,0.000000,0.000000,1308,true
350,entrance,entrance,0.000000,0.000000,1058,true
350,entrance,information,16.996551,15.880806,558,true
350,entrance,registration,17.776450,16.763055,358,true
350,entrance,imaging,54.655844,46.686186,358,true
350,entrance,function,76.496046,61.360900,358,true
350,entrance,clinic1,68.170563,50.763767,358,true
350,entrance,clinic2,47.259293,37.483330,358,true
350,entrance,mri,65.138687,56.438639,358,true
350,entrance,dr,56.216652,50.409920,358,true
350,entrance,ct1,54.830866,51.197266,358,true
350,entrance,ct2,57.524473,53.254108,358,true
350,entrance,accessibleLift,19.119596,17.708755,433,true
350,entrance,pharmacy,5.765685,5.614268,908,true
350,information,entrance,16.996551,15.880806,458,true
350,information,information,0.000000,0.000000,858,true
350,information,registration,7.911270,6.603030,479,true
350,information,imaging,46.561227,43.046487,358,true
350,information,function,68.518586,62.385255,358,true
350,information,clinic1,60.193102,53.263496,358,true
350,information,clinic2,42.562237,37.320236,358,true
350,information,mri,56.458283,49.831717,358,true
350,information,dr,47.067619,37.932572,358,true
350,information,ct1,45.681833,40.621177,358,true
350,information,ct2,48.844069,44.714651,358,true
350,information,accessibleLift,15.125483,14.166157,458,true
350,information,pharmacy,19.267619,19.096597,858,true
350,registration,entrance,17.776450,16.763055,458,true
350,registration,information,7.911270,6.603030,458,true
350,registration,registration,0.000000,0.000000,933,true
350,registration,imaging,54.315137,49.648766,358,true
350,registration,function,76.272496,68.782556,358,true
350,registration,clinic1,67.947013,59.449811,358,true
350,registration,clinic2,50.316147,43.712698,358,true
350,registration,mri,64.018081,56.297069,358,true
350,registration,dr,52.049957,43.145336,358,true
350,registration,ct1,50.664170,46.466332,358,true
350,registration,ct2,56.403867,50.960769,358,true
350,registration,accessibleLift,22.879394,20.436242,458,true
350,registration,pharmacy,23.210765,21.377558,458,true
350,imaging,entrance,54.655844,46.686186,358,true
350,imaging,information,46.561227,43.046487,358,true
350,imaging,registration,54.315137,49.648766,358,true
350,imaging,imaging,0.000000,0.000000,1911,true
350,imaging,function,28.256854,23.169808,358,true
350,imaging,clinic1,23.079394,20.041956,358,true
350,imaging,clinic2,11.965685,11.806778,658,true
350,imaging,mri,21.622540,12.757743,358,true
350,imaging,dr,40.450967,29.252692,358,true
350,imaging,ct1,34.091169,22.300673,358,true
350,imaging,ct2,27.579899,16.211107,358,true
350,imaging,accessibleLift,35.536248,30.269457,358,true
350,imaging,pharmacy,51.936248,43.289722,358,true
350,function,entrance,76.496046,61.360900,358,true
350,function,information,68.518586,62.385255,358,true
350,function,registration,76.272496,68.782556,458,true
350,function,imaging,28.256854,23.169808,408,true
350,function,function,0.000000,0.000000,1772,true
350,function,clinic1,12.636753,11.280071,408,true
350,function,clinic2,29.236753,25.071099,458,true
350,function,mri,40.396551,29.362561,358,true
350,function,dr,64.562237,51.744758,358,true
350,function,ct1,56.796551,44.171484,358,true
350,function,ct2,48.596551,36.597814,358,true
350,function,accessibleLift,57.376450,48.355765,358,true
350,function,pharmacy,73.776450,56.605653,358,true
350,clinic1,entrance,68.170563,50.763767,358,true
350,clinic1,information,60.193102,53.263496,358,true
350,clinic1,registration,67.947013,59.449811,358,true
350,clinic1,imaging,23.079394,20.041956,358,true
350,clinic1,function,12.636753,11.280071,358,true
350,clinic1,clinic1,0.000000,0.000000,1758,true
350,clinic1,clinic2,20.911270,16.600000,358,true
350,clinic1,mri,35.219091,30.440105,358,true
350,clinic1,dr,59.384776,49.092973,358,true
350,clinic1,ct1,51.619091,42.338162,358,true
350,clinic1,ct2,43.419091,35.948853,358,true
350,clinic1,accessibleLift,49.050967,39.097826,358,true
350,clinic1,pharmacy,65.450967,45.818773,358,true
350,clinic2,entrance,47.259293,37.483330,358,true
350,clinic2,information,42.562237,37.320236,358,true
350,clinic2,registration,50.316147,43.712698,358,true
350,clinic2,imaging,11.965685,11.806778,708,true
350,clinic2,function,29.236753,25.071099,458,true
350,clinic2,clinic1,20.911270,16.600000,458,true
350,clinic2,clinic2,0.000000,0.000000,1917,true
350,clinic2,mri,32.533810,24.452403,358,true
350,clinic2,dr,43.019091,35.656136,358,true
350,clinic2,ct1,36.659293,30.320950,358,true
350,clinic2,ct2,30.148023,26.294486,358,true
350,clinic2,accessibleLift,28.139697,23.293776,358,true
350,clinic2,pharmacy,44.539697,33.366450,358,true
350,mri,entrance,65.138687,56.438639,358,true
350,mri,information,56.458283,49.831717,358,true
350,mri,registration,64.018081,56.297069,358,true
350,mri,imaging,21.622540,12.757743,358,true
350,mri,function,40.396551,29.362561,358,true
350,mri,clinic1,35.219091,30.440105,358,true
350,mri,clinic2,32.533810,24.452403,358,true
350,mri,mri,0.000000,0.000000,1558,true
350,mri,dr,24.400000,24.400000,1358,true
350,mri,ct1,16.400000,16.400000,1358,true
350,mri,ct2,8.200000,8.200000,1358,true
350,mri,accessibleLift,46.019091,39.000000,358,true
350,mri,pharmacy,62.419091,53.777691,358,true
350,dr,entrance,56.216652,50.409920,458,true
350,dr,information,47.067619,37.932572,358,true
350,dr,registration,52.049957,43.145336,358,true
350,dr,imaging,40.450967,29.252692,358,true
350,dr,function,64.562237,51.744758,358,true
350,dr,clinic1,59.384776,49.092973,358,true
350,dr,clinic2,43.019091,35.656136,358,true
350,dr,mri,24.400000,24.400000,1358,true
350,dr,dr,0.000000,0.000000,1558,true
350,dr,ct1,8.000000,8.000000,1358,true
350,dr,ct2,16.200000,16.200000,1358,true
350,dr,accessibleLift,37.262742,33.913419,458,true
350,dr,pharmacy,53.662742,50.211154,458,true
350,ct1,entrance,54.830866,51.197266,458,true
350,ct1,information,45.681833,40.621177,358,true
350,ct1,registration,50.664170,46.466332,358,true
350,ct1,imaging,34.091169,22.300673,358,true
350,ct1,function,56.796551,44.171484,358,true
350,ct1,clinic1,51.619091,42.338162,358,true
350,ct1,clinic2,36.659293,30.320950,358,true
350,ct1,mri,16.400000,16.400000,1358,true
350,ct1,dr,8.000000,8.000000,1358,true
350,ct1,ct1,0.000000,0.000000,1558,true
350,ct1,ct2,8.200000,8.200000,1358,true
350,ct1,accessibleLift,35.711270,33.771586,458,true
350,ct1,pharmacy,52.111270,50.115467,458,true
350,ct2,entrance,57.524473,53.254108,358,true
350,ct2,information,48.844069,44.714651,358,true
350,ct2,registration,56.403867,50.960769,358,true
350,ct2,imaging,27.579899,16.211107,358,true
350,ct2,function,48.596551,36.597814,358,true
350,ct2,clinic1,43.419091,35.948853,358,true
350,ct2,clinic2,30.148023,26.294486,358,true
350,ct2,mri,8.200000,8.200000,1358,true
350,ct2,dr,16.200000,16.200000,1358,true
350,ct2,ct1,8.200000,8.200000,1358,true
350,ct2,ct2,0.000000,0.000000,1584,true
350,ct2,accessibleLift,38.404877,35.546027,358,true
350,ct2,pharmacy,54.804877,51.327965,358,true
350,accessibleLift,entrance,19.119596,17.708755,1058,true
350,accessibleLift,information,15.125483,14.166157,458,true
350,accessibleLift,registration,22.879394,20.436242,458,true
350,accessibleLift,imaging,35.536248,30.269457,358,true
350,accessibleLift,function,57.376450,48.355765,358,true
350,accessibleLift,clinic1,49.050967,39.097826,358,true
350,accessibleLift,clinic2,28.139697,23.293776,358,true
350,accessibleLift,mri,46.019091,39.000000,358,true
350,accessibleLift,dr,37.262742,33.913419,358,true
350,accessibleLift,ct1,35.711270,33.771586,358,true
350,accessibleLift,ct2,38.404877,35.546027,358,true
350,accessibleLift,accessibleLift,0.000000,0.000000,1358,true
350,accessibleLift,pharmacy,16.400000,16.400000,1058,true
350,pharmacy,entrance,5.765685,5.614268,1058,true
350,pharmacy,information,19.267619,19.096597,858,true
350,pharmacy,registration,23.210765,21.377558,358,true
350,pharmacy,imaging,51.936248,43.289722,358,true
350,pharmacy,function,73.776450,56.605653,358,true
350,pharmacy,clinic1,65.450967,45.818773,358,true
350,pharmacy,clinic2,44.539697,33.366450,358,true
350,pharmacy,mri,62.419091,53.777691,358,true
350,pharmacy,dr,53.662742,50.211154,358,true
350,pharmacy,ct1,52.111270,50.115467,358,true
350,pharmacy,ct2,54.804877,51.327965,358,true
350,pharmacy,accessibleLift,16.400000,16.400000,1058,true
350,pharmacy,pharmacy,0.000000,0.000000,1308,true
400,entrance,entrance,0.000000,0.000000,1058,true
400,entrance,information,16.996551,15.880806,558,true
400,entrance,registration,17.776450,16.763055,558,true
400,entrance,imaging,54.773001,46.686186,508,true
400,entrance,function,76.613203,61.360900,458,true
400,entrance,clinic1,68.404877,50.763767,458,true
400,entrance,clinic2,50.859293,37.483330,458,true
400,entrance,mri,65.138687,56.438639,558,true
400,entrance,dr,56.333810,50.409920,458,true
400,entrance,ct1,54.948023,51.197266,458,true
400,entrance,ct2,57.524473,53.254108,558,true
400,entrance,accessibleLift,19.119596,17.708755,433,true
400,entrance,pharmacy,5.765685,5.614268,908,true
400,information,entrance,16.996551,15.880806,458,true
400,information,information,0.000000,0.000000,858,true
400,information,registration,7.911270,6.603030,533,true
400,information,imaging,46.678384,43.046487,508,true
400,information,function,68.518586,62.385255,458,true
400,information,clinic1,60.310260,53.263496,458,true
400,information,clinic2,43.827417,37.320236,458,true
400,information,mri,56.458283,49.831717,558,true
400,information,dr,47.301934,37.932572,458,true
400,information,ct1,45.916147,40.621177,458,true
400,information,ct2,48.844069,44.714651,558,true
400,information,accessibleLift,15.125483,14.166157,458,true
400,information,pharmacy,19.267619,19.096597,858,true
400,registration,entrance,17.776450,16.763055,458,true
400,registration,information,7.911270,6.603030,458,true
400,registration,registration,0.000000,0.000000,933,true
400,registration,imaging,54.432294,49.648766,458,true
400,registration,function,76.272496,68.782556,458,true
400,registration,clinic1,68.064170,59.449811,458,true
400,registration,clinic2,51.581328,43.712698,458,true
400,registration,mri,64.212193,56.297069,458,true
400,registration,dr,52.167114,43.145336,458,true
400,registration,ct1,50.781328,46.466332,458,true
400,registration,ct2,56.597980,50.960769,458,true
400,registration,accessibleLift,22.879394,20.436242,458,true
400,registration,pharmacy,23.210765,21.377558,458,true
400,imaging,entrance,54.773001,46.686186,458,true
400,imaging,information,46.678384,43.046487,458,true
400,imaging,registration,54.432294,49.648766,458,true
400,imaging,imaging,0.000000,0.000000,1911,true
400,imaging,function,28.256854,23.169808,458,true
400,imaging,clinic1,23.196551,20.041956,508,true
400,imaging,clinic2,11.965685,11.806778,658,true
400,imaging,mri,21.905382,12.757743,458,true
400,imaging,dr,40.850967,29.252692,458,true
400,imaging,ct1,34.374012,22.300673,531,true
400,imaging,ct2,28.028427,16.211107,531,true
400,imaging,accessibleLift,35.653405,30.269457,458,true
400,imaging,pharmacy,52.053405,43.289722,458,true
400,function,entrance,76.613203,61.360900,458,true
400,function,information,68.518586,62.385255,458,true
400,function,registration,76.272496,68.782556,458,true
400,function,imaging,28.256854,23.169808,408,true
400,function,function,0.000000,0.000000,1772,true
400,function,clinic1,12.636753,11.280071,408,true
400,function,clinic2,29.236753,25.071099,458,true
400,function,mri,40.396551,29.362561,458,true
400,function,dr,64.679394,51.744758,458,true
400,function,ct1,56.796551,44.171484,458,true
400,function,ct2,48.596551,36.597814,458,true
400,function,accessibleLift,57.493607,48.355765,458,true
400,function,pharmacy,73.893607,56.605653,458,true
400,clinic1,entrance,68.404877,50.763767,458,true
400,clinic1,information,60.310260,53.263496,458,true
400,clinic1,registration,68.064170,59.449811,458,true
400,clinic1,imaging,23.196551,20.041956,408,true
400,clinic1,function,12.636753,11.280071,508,true
400,clinic1,clinic1,0.000000,0.000000,1758,true
400,clinic1,clinic2,21.028427,16.600000,458,true
400,clinic1,mri,35.336248,30.440105,531,true
400,clinic1,dr,59.619091,49.092973,458,true
400,clinic1,ct1,51.736248,42.338162,531,true
400,clinic1,ct2,43.536248,35.948853,531,true
400,clinic1,accessibleLift,49.285281,39.097826,458,true
400,clinic1,pharmacy,65.685281,45.818773,458,true
400,clinic2,entrance,50.859293,37.483330,458,true
400,clinic2,information,43.827417,37.320236,458,true
400,clinic2,registration,51.581328,43.712698,458,true
400,clinic2,imaging,11.965685,11.806778,708,true
400,clinic2,function,29.236753,25.071099,458,true
400,clinic2,clinic1,21.028427,16.600000,458,true
400,clinic2,clinic2,0.000000,0.000000,1917,true
400,clinic2,mri,32.699495,24.452403,558,true
400,clinic2,dr,43.136248,35.656136,458,true
400,clinic2,ct1,36.659293,30.320950,458,true
400,clinic2,ct2,30.313708,26.294486,458,true
400,clinic2,accessibleLift,31.739697,23.293776,458,true
400,clinic2,pharmacy,48.139697,33.366450,458,true
400,mri,entrance,65.138687,56.438639,458,true
400,mri,information,56.458283,49.831717,458,true
400,mri,registration,64.212193,56.297069,458,true
400,mri,imaging,21.905382,12.757743,433,true
400,mri,function,40.396551,29.362561,458,true
400,mri,clinic1,35.336248,30.440105,508,true
400,mri,clinic2,32.699495,24.452403,458,true
400,mri,mri,0.000000,0.000000,1558,true
400,mri,dr,24.400000,24.400000,1358,true
400,mri,ct1,16.400000,16.400000,1358,true
400,mri,ct2,8.200000,8.200000,1358,true
400,mri,accessibleLift,46.019091,39.000000,458,true
400,mri,pharmacy,62.419091,53.777691,458,true
400,dr,entrance,56.333810,50.409920,458,true
400,dr,information,47.301934,37.932572,458,true
400,dr,registration,52.167114,43.145336,458,true
400,dr,imaging,40.850967,29.252692,458,true
400,dr,function,64.679394,51.744758,458,true
400,dr,clinic1,59.619091,49.092973,458,true
400,dr,clinic2,43.136248,35.656136,458,true
400,dr,mri,24.400000,24.400000,1358,true
400,dr,dr,0.000000,0.000000,1558,true
400,dr,ct1,8.000000,8.000000,1358,true
400,dr,ct2,16.200000,16.200000,1358,true
400,dr,accessibleLift,37.379899,33.913419,458,true
400,dr,pharmacy,53.779899,50.211154,458,true
400,ct1,entrance,54.948023,51.197266,458,true
400,ct1,information,45.916147,40.621177,458,true
400,ct1,registration,50.781328,46.466332,458,true
400,ct1,imaging,34.374012,22.300673,508,true
400,ct1,function,56.796551,44.171484,458,true
400,ct1,clinic1,51.736248,42.338162,508,true
400,ct1,clinic2,36.659293,30.320950,458,true
400,ct1,mri,16.400000,16.400000,1358,true
400,ct1,dr,8.000000,8.000000,1358,true
400,ct1,ct1,0.000000,0.000000,1558,true
400,ct1,ct2,8.200000,8.200000,1358,true
400,ct1,accessibleLift,35.828427,33.771586,458,true
400,ct1,pharmacy,52.228427,50.115467,458,true
400,ct2,entrance,57.524473,53.254108,458,true
400,ct2,information,48.844069,44.714651,458,true
400,ct2,registration,56.597980,50.960769,458,true
400,ct2,imaging,28.028427,16.211107,508,true
400,ct2,function,48.596551,36.597814,458,true
400,ct2,clinic1,43.536248,35.948853,508,true
400,ct2,clinic2,30.313708,26.294486,458,true
400,ct2,mri,8.200000,8.200000,1358,true
400,ct2,dr,16.200000,16.200000,1358,true
400,ct2,ct1,8.200000,8.200000,1358,true
400,ct2,ct2,0.000000,0.000000,1584,true
400,ct2,accessibleLift,38.404877,35.546027,458,true
400,ct2,pharmacy,54.804877,51.327965,458,true
400,accessibleLift,entrance,19.119596,17.708755,1058,true
400,accessibleLift,information,15.125483,14.166157,458,true
400,accessibleLift,registration,22.879394,20.436242,458,true
400,accessibleLift,imaging,35.653405,30.269457,508,true
400,accessibleLift,function,57.493607,48.355765,458,true
400,accessibleLift,clinic1,49.285281,39.097826,458,true
400,accessibleLift,clinic2,31.739697,23.293776,458,true
400,accessibleLift,mri,46.019091,39.000000,558,true
400,accessibleLift,dr,37.379899,33.913419,558,true
400,accessibleLift,ct1,35.828427,33.771586,558,true
400,accessibleLift,ct2,38.404877,35.546027,558,true
400,accessibleLift,accessibleLift,0.000000,0.000000,1358,true
400,accessibleLift,pharmacy,16.400000,16.400000,1058,true
400,pharmacy,entrance,5.765685,5.614268,1058,true
400,pharmacy,information,19.267619,19.096597,858,true
400,pharmacy,registration,23.210765,21.377558,558,true
400,pharmacy,imaging,52.053405,43.289722,508,true
400,pharmacy,function,73.893607,56.605653,458,true
400,pharmacy,clinic1,65.685281,45.818773,458,true
400,pharmacy,clinic2,48.139697,33.366450,458,true
400,pharmacy,mri,62.419091,53.777691,558,true
400,pharmacy,dr,53.779899,50.211154,558,true
400,pharmacy,ct1,52.228427,50.115467,558,true
400,pharmacy,ct2,54.804877,51.327965,558,true
400,pharmacy,accessibleLift,16.400000,16.400000,1058,true
400,pharmacy,pharmacy,0.000000,0.000000,1308,true
450,entrance,entrance,0.000000,0.000000,1058,true
450,entrance,information,16.996551,15.880806,558,true
450,entrance,registration,17.776450,16.763055,558,true
450,entrance,imaging,54.890159,46.686186,508,true
450,entrance,function,76.730361,61.360900,458,true
450,entrance,clinic1,68.522035,50.763767,458,true
450,entrance,clinic2,51.210765,37.483330,458,true
450,entrance,mri,65.255844,56.438639,558,true
450,entrance,dr,56.333810,50.409920,458,true
450,entrance,ct1,54.948023,51.197266,458,true
450,entrance,ct2,57.524473,53.254108,558,true
450,entrance,accessibleLift,19.119596,17.708755,558,true
450,entrance,pharmacy,5.765685,5.614268,908,true
450,information,entrance,16.996551,15.880806,458,true
450,information,information,0.000000,0.000000,858,true
450,information,registration,7.911270,6.603030,533,true
450,information,imaging,46.678384,43.046487,508,true
450,information,function,68.518586,62.385255,458,true
450,information,clinic1,60.310260,53.263496,458,true
450,information,clinic2,43.944574,37.320236,458,true
450,information,mri,56.692597,49.831717,558,true
450,information,dr,47.301934,37.932572,458,true
450,information,ct1,45.916147,40.621177,458,true
450,information,ct2,48.961227,44.714651,558,true
450,information,accessibleLift,15.125483,14.166157,458,true
450,information,pharmacy,19.267619,19.096597,858,true
450,registration,entrance,17.776450,16.763055,458,true
450,registration,information,7.911270,6.603030,458,true
450,registration,registration,0.000000,0.000000,933,true
450,registration,imaging,54.432294,49.648766,458,true
450,registration,function,76.272496,68.782556,458,true
450,registration,clinic1,68.064170,59.449811,458,true
450,registration,clinic2,51.698485,43.712698,458,true
450,registration,mri,64.446508,56.297069,458,true
450,registration,dr,52.167114,43.145336,458,true
450,registration,ct1,50.781328,46.466332,458,true
450,registration,ct2,56.715137,50.960769,458,true
450,registration,accessibleLift,22.879394,20.436242,458,true
450,registration,pharmacy,23.210765,21.377558,458,true
450,imaging,entrance,54.890159,46.686186,458,true
450,imaging,information,46.678384,43.046487,458,true
450,imaging,registration,54.432294,49.648766,458,true
450,imaging,imaging,0.000000,0.000000,1911,true
450,imaging,function,28.256854,23.169808,458,true
450,imaging,clinic1,23.196551,20.041956,508,true
450,imaging,clinic2,11.965685,11.806778,658,true
450,imaging,mri,22.022540,12.757743,458,true
450,imaging,dr,41.202439,29.252692,458,true
450,imaging,ct1,34.608326,22.300673,558,true
450,imaging,ct2,28.145584,16.211107,558,true
450,imaging,accessibleLift,35.770563,30.269457,458,true
450,imaging,pharmacy,52.170563,43.289722,458,true
450,function,entrance,76.730361,61.360900,458,true
450,function,information,68.518586,62.385255,458,true
450,function,registration,76.272496,68.782556,458,true
450,function,imaging,28.256854,23.169808,458,true
450,function,function,0.000000,0.000000,1772,true
450,function,clinic1,12.636753,11.280071,458,true
450,function,clinic2,29.353911,25.071099,458,true
450,function,mri,40.630866,29.362561,458,true
450,function,dr,65.030866,51.744758,458,true
450,function,ct1,57.030866,44.171484,458,true
450,function,ct2,48.830866,36.597814,458,true
450,function,accessibleLift,57.610765,48.355765,458,true
450,function,pharmacy,74.010765,56.605653,458,true
450,clinic1,entrance,68.522035,50.763767,458,true
450,clinic1,information,60.310260,53.263496,458,true
450,clinic1,registration,68.064170,59.449811,458,true
450,clinic1,imaging,23.196551,20.041956,458,true
450,clinic1,function,12.636753,11.280071,508,true
450,clinic1,clinic1,0.000000,0.000000,1758,true
450,clinic1,clinic2,21.145584,16.600000,458,true
450,clinic1,mri,35.570563,30.440105,558,true
450,clinic1,dr,59.970563,49.092973,458,true
450,clinic1,ct1,51.970563,42.338162,558,true
450,clinic1,ct2,43.770563,35.948853,558,true
450,clinic1,accessibleLift,49.402439,39.097826,458,true
450,clinic1,pharmacy,65.802439,45.818773,458,true
450,clinic2,entrance,51.210765,37.483330,458,true
450,clinic2,information,43.944574,37.320236,458,true
450,clinic2,registration,51.698485,43.712698,458,true
450,clinic2,imaging,11.965685,11.806778,708,true
450,clinic2,function,29.353911,25.071099,458,true
450,clinic2,clinic1,21.145584,16.600000,458,true
450,clinic2,clinic2,0.000000,0.000000,1917,true
450,clinic2,mri,32.816652,24.452403,558,true
450,clinic2,dr,43.604877,35.656136,458,true
450,clinic2,ct1,37.010765,30.320950,458,true
450,clinic2,ct2,30.548023,26.294486,458,true
450,clinic2,accessibleLift,32.091169,23.293776,458,true
450,clinic2,pharmacy,48.491169,33.366450,458,true
450,mri,entrance,65.255844,56.438639,458,true
450,mri,information,56.692597,49.831717,458,true
450,mri,registration,64.446508,56.297069,458,true
450,mri,imaging,22.022540,12.757743,458,true
450,mri,function,40.630866,29.362561,458,true
450,mri,clinic1,35.570563,30.440105,508,true
450,mri,clinic2,32.816652,24.452403,458,true
450,mri,mri,0.000000,0.000000,1558,true
450,mri,dr,24.400000,24.400000,1358,true
450,mri,ct1,16.400000,16.400000,1358,true
450,mri,ct2,8.200000,8.200000,1358,true
450,mri,accessibleLift,46.136248,39.000000,458,true
450,mri,pharmacy,62.536248,53.777691,458,true
450,dr,entrance,56.333810,50.409920,458,true
450,dr,information,47.301934,37.932572,458,true
450,dr,registration,52.167114,43.145336,458,true
450,dr,imaging,41.202439,29.252692,458,true
450,dr,function,65.030866,51.744758,458,true
450,dr,clinic1,59.970563,49.092973,508,true
450,dr,clinic2,43.604877,35.656136,458,true
450,dr,mri,24.400000,24.400000,1358,true
450,dr,dr,0.000000,0.000000,1558,true
450,dr,ct1,8.000000,8.000000,1358,true
450,dr,ct2,16.200000,16.200000,1358,true
450,dr,accessibleLift,37.379899,33.913419,458,true
450,dr,pharmacy,53.779899,50.211154,458,true
450,ct1,entrance,54.948023,51.197266,458,true
450,ct1,information,45.916147,40.621177,458,true
450,ct1,registration,50.781328,46.466332,458,true
450,ct1,imaging,34.608326,22.300673,508,true
450,ct1,function,57.030866,44.171484,458,true
450,ct1,clinic1,51.970563,42.338162,508,true
450,ct1,clinic2,37.010765,30.320950,458,true
450,ct1,mri,16.400000,16.400000,1358,true
450,ct1,dr,8.000000,8.000000,1358,true
450,ct1,ct1,0.000000,0.000000,1558,true
450,ct1,ct2,8.200000,8.200000,1358,true
450,ct1,accessibleLift,35.828427,33.771586,458,true
450,ct1,pharmacy,52.228427,50.115467,458,true
450,ct2,entrance,57.524473,53.254108,458,true
450,ct2,information,48.961227,44.714651,458,true
450,ct2,registration,56.715137,50.960769,458,true
450,ct2,imaging,28.145584,16.211107,508,true
450,ct2,function,48.830866,36.597814,458,true
450,ct2,clinic1,43.770563,35.948853,508,true
450,ct2,clinic2,30.548023,26.294486,458,true
450,ct2,mri,8.200000,8.200000,1358,true
450,ct2,dr,16.200000,16.200000,1358,true
450,ct2,ct1,8.200000,8.200000,1358,true
450,ct2,ct2,0.000000,0.000000,1584,true
450,ct2,accessibleLift,38.404877,35.546027,458,true
450,ct2,pharmacy,54.804877,51.327965,458,true
450,accessibleLift,entrance,19.119596,17.708755,1058,true
450,accessibleLift,information,15.125483,14.166157,458,true
450,accessibleLift,registration,22.879394,20.436242,458,true
450,accessibleLift,imaging,35.770563,30.269457,508,true
450,accessibleLift,function,57.610765,48.355765,458,true
450,accessibleLift,clinic1,49.402439,39.097826,458,true
450,accessibleLift,clinic2,32.091169,23.293776,458,true
450,accessibleLift,mri,46.136248,39.000000,558,true
450,accessibleLift,dr,37.379899,33.913419,558,true
450,accessibleLift,ct1,35.828427,33.771586,558,true
450,accessibleLift,ct2,38.404877,35.546027,558,true
450,accessibleLift,accessibleLift,0.000000,0.000000,1358,true
450,accessibleLift,pharmacy,16.400000,16.400000,1058,true
450,pharmacy,entrance,5.765685,5.614268,1058,true
450,pharmacy,information,19.267619,19.096597,858,true
450,pharmacy,registration,23.210765,21.377558,558,true
450,pharmacy,imaging,52.170563,43.289722,508,true
450,pharmacy,function,74.010765,56.605653,458,true
450,pharmacy,clinic1,65.802439,45.818773,458,true
450,pharmacy,clinic2,48.491169,33.366450,458,true
450,pharmacy,mri,62.536248,53.777691,558,true
450,pharmacy,dr,53.779899,50.211154,558,true
450,pharmacy,ct1,52.228427,50.115467,558,true
450,pharmacy,ct2,54.804877,51.327965,558,true
450,pharmacy,accessibleLift,16.400000,16.400000,1058,true
450,pharmacy,pharmacy,0.000000,0.000000,1308,true